Organization,Link,Date Scraped,Type
Suncor Energy,https://www.suncor.com/-/media/project/suncor/files/news-releases/2025/2025-10-21-suncor-energy-to-release-q3-2025-results-en.pdf?modified=20251021204031&created=20251021203940,10/27/2025,pdf
Suncor Energy,https://www.suncor.com/-/media/project/suncor/files/news-releases/2025/2025-10-14-news-release-su-announces-retirement-of-chief-financial-officer.pdf?modified=20251014200218&created=20251014200143,10/27/2025,pdf
Suncor Energy,https://www.suncor.com/-/media/project/suncor/files/news-releases/2025/2025-08-05-news-release-earnings-q2-2025-en.pdf?modified=20250805205453&created=20250805151102,10/27/2025,pdf
Suncor Energy,https://www.suncor.com/-/media/project/suncor/files/news-releases/2025/2025-08-05-news-release-q2-dividend-en.pdf?modified=20250805203135&created=20250805203135,10/27/2025,pdf
Suncor Energy,https://www.suncor.com/-/media/project/suncor/files/news-releases/2025/2025-07-22-suncor-energy-to-release-q2-2025-results-en.pdf?modified=20250722205716&created=20250722205020,10/27/2025,pdf
Suncor Energy,https://www.suncor.com/-/media/project/suncor/files/news-releases/2025/2025-05-06-news-release-earnings-q1-2025-en.pdf?modified=20250506205155&created=20250505143035,10/27/2025,pdf
Suncor Energy,https://www.suncor.com/-/media/project/suncor/files/news-releases/2025/2025-05-06-news-release-q1-dividend-en.pdf?modified=20250506203536&created=20250506203526,10/27/2025,pdf
Suncor Energy,https://www.suncor.com/-/media/project/suncor/files/news-releases/2025/2025-05-06-news-release-suncor-energy-reports-voting-results-from-agm-en.pdf?modified=20250506202530&created=20250505142808,10/27/2025,pdf
Suncor Energy,https://www.suncor.com/-/media/project/suncor/files/news-releases/2025/2025-04-22-nr-su-to-release-first-quarter-2025-financial-results-and-hold-agm-en.pdf?modified=20250422204832&created=20250422204832,10/27/2025,pdf
Suncor Energy,https://www.suncor.com/-/media/project/suncor/files/news-releases/2025/2025-02-26-news-release-su-annual-report-2024-en.pdf?modified=20250226225619&created=20250225191815,10/27/2025,pdf
Suncor Energy,https://www.suncor.com/-/media/project/suncor/files/news-releases/2025/2025-02-05-news-release-earnings-q4-2024-en.pdf?modified=20250205220758&created=20250205174304,10/27/2025,pdf
Suncor Energy,https://www.suncor.com/-/media/project/suncor/files/news-releases/2025/2025-02-05-news-release-q4-dividend-en.pdf?modified=20250205213131&created=20250205211823,10/27/2025,pdf
Suncor Energy,https://www.suncor.com/-/media/project/suncor/files/news-releases/2025/2025-01-22-media-advisory-suncor-energy-to-release-fourth-quarter-2024-financial-results-en.pdf?modified=20250122220243&created=20250122215552,10/27/2025,pdf
Suncor Energy,https://www.suncor.com/-/media/project/suncor/files/news-releases/2025/2025-01-06-nr-suncor-energy-achieves-record-quarterly-and-full-year-operational-results-en.pdf?modified=20250106220131&created=20250106215812,10/27/2025,pdf
Suncor Energy,https://www.suncor.com/-/media/project/suncor/files/news-releases/2024/2024-12-12-news-release-suncor-energy-announces-2025-corporate-guidance-en.pdf?modified=20241212114623&created=20241212112151,10/27/2025,pdf
Suncor Energy,https://www.suncor.com/-/media/project/suncor/files/news-releases/2024/2024-11-22-suncor-energy-news-release-update-on-impact-of-canada-post-strike-en.pdf?modified=20241122220240&created=20241122220120,10/27/2025,pdf
Suncor Energy,https://www.suncor.com/-/media/project/suncor/files/news-releases/2024/2024-11-12-news-release-earnings-q3-2024-en.pdf?modified=20241112220740&created=20241112161643,10/27/2025,pdf
Suncor Energy,https://www.suncor.com/-/media/project/suncor/files/news-releases/2024/2024-11-12-news-release-q3-dividend-en.pdf?modified=20241112213342&created=20241112212932,10/27/2025,pdf
Suncor Energy,https://www.suncor.com/-/media/project/suncor/files/news-releases/2024/2024-10-22-news-release-suncor-energy-to-release-third-quarter-2024-financial-results-en.pdf?modified=20241022211004&created=20241022210955,10/27/2025,pdf
Suncor Energy,https://www.suncor.com/-/media/project/suncor/files/news-releases/2024/20241003newsreleasesuncorannouncespricingoftenderoffersforcertainoutstandingseriesofnotesen.pdf?modified=20241003202511&created=20241003202438,10/27/2025,pdf
Suncor Energy,https://www.suncor.com/-/media/project/suncor/files/news-releases/2024/2024-10-02-news-release-suncor-announces-early-tender-results-and-increase-of-tender-offers-en.pdf?modified=20241003050621&created=20241003045637,10/27/2025,pdf
Suncor Energy,https://www.suncor.com/-/media/project/suncor/files/news-releases/2024/2024-09-19-suncor-announces-tender-offers-for-certain-outstanding-series-of-notes-en.pdf?modified=20240919200205&created=20240919195658,10/27/2025,pdf
Suncor Energy,https://www.suncor.com/-/media/project/suncor/files/news-releases/2024/2024-08-06-news-release-earnings-q2-2024-en.pdf?modified=20241030140652&created=20240806185133,10/27/2025,pdf
Suncor Energy,https://www.suncor.com/-/media/project/suncor/files/news-releases/2024/2024-08-06-news-release-q2-dividend-en.pdf?modified=20241030140303&created=20240806202818,10/27/2025,pdf
Suncor Energy,https://www.suncor.com/-/media/project/suncor/files/news-releases/2024/2024-07-23-suncor-energy-to-release-second-quarter-2024-financial-results-en.pdf?modified=20240806205447&created=20240723214321,10/27/2025,pdf
Suncor Energy,https://www.suncor.com/-/media/project/suncor/files/news-releases/2024/2024-07-16-suncors-petro-canada-extends-team-canada-olympic-paralympic-partnerships-en.pdf?modified=20240716215010&created=20240716214946,10/27/2025,pdf
Suncor Energy,https://www.suncor.com/-/media/project/suncor/files/news-releases/2024/2024-06-20-nr-competition-act-amendment-en.pdf?modified=20240620221202&created=20240620220945,10/27/2025,pdf
Suncor Energy,https://www.suncor.com/-/media/project/suncor/files/news-releases/2024/2024-06-06-news-release-rk-remarks-envi-committee-en.pdf?modified=20240614163431&created=20240606222422,10/27/2025,pdf
Suncor Energy,https://www.suncor.com/-/media/project/suncor/files/news-releases/2024/2024-05-07-news-release-earnings-q1-2024-en.pdf?modified=20240613191938&created=20240507101129,10/27/2025,pdf
Suncor Energy,https://www.suncor.com/-/media/project/suncor/files/news-releases/2024/2024-05-07-news-release-suncor-energy-declares-dividend-en.pdf?modified=20240613191938&created=20240507211319,10/27/2025,pdf
Suncor Energy,https://www.suncor.com/-/media/project/suncor/files/news-releases/2024/2024-05-07-news-release-suncor-energy-reports-voting-results-from-agm-en.pdf?modified=20240613191939&created=20240507205908,10/27/2025,pdf
Suncor Energy,https://www.suncor.com/-/media/project/suncor/files/news-releases/2024/2024-04-30-media-advisory-suncor-energy-q1-earnings-and-agm-en.pdf?modified=20240613191937&created=20240430205934,10/27/2025,pdf
Suncor Energy,https://www.suncor.com/-/media/project/suncor/files/news-releases/2024/2024-04-29-media-advisory-suncor-energy-to-hold-business-update-webcast-en.pdf?modified=20240613191937&created=20240429205600,10/27/2025,pdf
Suncor Energy,https://www.suncor.com/-/media/project/suncor/files/news-releases/2024/2024-03-26-news-release-petro-canada-x-triangle-rewards-loyalty-partnership-en.pdf?modified=20240613191937&created=20240326115506,10/27/2025,pdf
Suncor Energy,https://www.suncor.com/-/media/project/suncor/files/news-releases/2024/2024-03-21-news-release-su-annual-report-2023-en.pdf?modified=20240613191936&created=20240321155927,10/27/2025,pdf
Suncor Energy,https://www.suncor.com/-/media/project/suncor/files/news-releases/2024/2024-03-07-nr-fort-mckay-first-nation-and-su-to-partner-on-prospective-os-dev-opportunity-en.pdf?modified=20240613191936&created=20240307180528,10/27/2025,pdf
Suncor Energy,https://www.suncor.com/-/media/project/suncor/files/news-releases/2024/2024-02-21-news-release-earnings-q4-2023-en.pdf?modified=20240613191935&created=20240221151728,10/27/2025,pdf
Suncor Energy,https://www.suncor.com/-/media/project/suncor/files/news-releases/2024/2024-02-21-news-release-suncor-energy-announces-upcoming-changes-to-its-bod-en.pdf?modified=20240613191935&created=20240221221256,10/27/2025,pdf
Suncor Energy,https://www.suncor.com/-/media/project/suncor/files/news-releases/2024/2024-02-21-news-release-q4-dividend-en.pdf?modified=20240613191935&created=20240221215704,10/27/2025,pdf
Suncor Energy,https://www.suncor.com/-/media/project/suncor/files/news-releases/2024/2024-02-15-news-release-suncor-energy-to-release-fourth-quarter-2023-financial-results-en.pdf?modified=20240613191934&created=20240215212525,10/27/2025,pdf
Suncor Energy,https://www.suncor.com/-/media/project/suncor/files/news-releases/2024/2024-01-03-news-release-update-on-2023-performance-en.pdf?modified=20240613191934&created=20240103114158,10/27/2025,pdf
Suncor Energy,https://www.suncor.com/-/media/project/suncor/files/news-releases/2023/2023-12-07-news-release-suncor-energy-announces-kent-ferguson-new-svp-en.pdf?modified=20240613191934&created=20231207205226,10/27/2025,pdf
Suncor Energy,https://www.suncor.com/-/media/project/suncor/files/news-releases/2023/2023-12-05-news-release-suncor-energy--announces--2024-corporate-guidance-en.pdf?modified=20240613191933&created=20231205220907,10/27/2025,pdf
Suncor Energy,https://www.suncor.com/-/media/project/suncor/files/news-releases/2023/2023-11-27-news-release-suncor-energy-announces-restart-production-terra-nova-en.pdf?modified=20240613191933&created=20231127114047,10/27/2025,pdf
Suncor Energy,https://www.suncor.com/-/media/project/suncor/files/news-releases/2023/2023-11-20-news-release-suncor-energy-closes-purchase-of-totalenergies-canadian-ops-en.pdf?modified=20240613191932&created=20231120213012,10/27/2025,pdf
Suncor Energy,https://www.suncor.com/-/media/project/suncor/files/news-releases/2023/2023-11-14-news-release-suncor-increases-quarterly-dividend-en.pdf?modified=20240613191932&created=20231114220607,10/27/2025,pdf
Suncor Energy,https://www.suncor.com/-/media/project/suncor/files/news-releases/2023/2023-11-09-news-release-su-bond-issuance-en.pdf?modified=20240613191932&created=20231109232903,10/27/2025,pdf
Suncor Energy,https://www.suncor.com/-/media/project/suncor/files/news-releases/2023/2023-11-08-news-release-earnings-q3-2023-en.pdf?modified=20240613191931&created=20231108164205,10/27/2025,pdf
Suncor Energy,https://www.suncor.com/-/media/project/suncor/files/news-releases/2023/2023-10-31-news-release-suncor-energy-to-release-third-quarter-2023-financial-results-en.pdf?modified=20240613191931&created=20231031213112,10/27/2025,pdf
Suncor Energy,https://www.suncor.com/-/media/project/suncor/files/news-releases/2023/2023-10-04-news-release-su-total-fort-hills-en.pdf?modified=20240613191930&created=20231004200255,10/27/2025,pdf
Suncor Energy,https://www.suncor.com/-/media/project/suncor/files/news-releases/2023/2023-09-05-news-release-suncor-energy-announces-changes-to-bod-en.pdf?modified=20240613191930&created=20230905105028,10/27/2025,pdf
Suncor Energy,https://www.suncor.com/-/media/project/suncor/files/news-releases/2023/2023-08-14-news-release-earnings-q2-2023-en.pdf?modified=20240613191929&created=20230814144224,10/27/2025,pdf
Suncor Energy,https://www.suncor.com/-/media/project/suncor/files/news-releases/2023/2023-08-14-news-release-q2-dividend-en.pdf?modified=20240613191929&created=20230814222444,10/27/2025,pdf
Suncor Energy,https://www.suncor.com/-/media/project/suncor/files/news-releases/2023/2023-08-14-news-release-su-announces-executive-leadership-team-changes-en.pdf?modified=20240613191930&created=20230814221617,10/27/2025,pdf
Suncor Energy,https://www.suncor.com/-/media/project/suncor/files/news-releases/2023/2023-07-25-news-release-suncor-energy-to-release-second-quarter-2023-financial-results-en.pdf?modified=20240613191928&created=20230725212752,10/27/2025,pdf
Suncor Energy,https://www.suncor.com/-/media/project/suncor/files/news-releases/2023/2023-07-18-news-release-suncor-energy-releases-2023-ros-and-cr-en.pdf?modified=20241002153100&created=20230718205312,10/27/2025,pdf
Pembina Pipeline,https://www.pembina.com/media-centre/news/details/8c88bd55-6c93-4c1a-ade7-101add43a5a5,10/27/2025,html
Pembina Pipeline,https://www.pembina.com/media-centre/news/details/89ce1f6e-0ef1-43dc-8c2a-b8888fc6ff0f,10/27/2025,html
Pembina Pipeline,https://www.pembina.com/media-centre/news/details/6e74e507-5534-4447-ab03-84147ee4d980,10/27/2025,html
Pembina Pipeline,https://www.pembina.com/media-centre/news/details/ad9f6118-2537-40ef-ae94-45ec5542caaa,10/27/2025,html
Pembina Pipeline,https://www.pembina.com/media-centre/news/details/3d8317d4-1164-434b-86c9-60c8d8dc0550,10/27/2025,html
Pembina Pipeline,https://www.pembina.com/media-centre/news/details/6e5c732f-b0fb-43b7-84c0-eeeda7e38f55,10/27/2025,html
Pembina Pipeline,https://www.pembina.com/media-centre/news/details/c397a7cf-2903-455a-bf6d-fcf5bc685b90,10/27/2025,html
Pembina Pipeline,https://www.pembina.com/media-centre/news/details/7c049ae6-e186-47c8-acd8-cf6e35b06c04,10/27/2025,html
Pembina Pipeline,https://www.pembina.com/media-centre/news/details/e3621171-a7fb-493a-9369-eb4acb3f4411,10/27/2025,html
Pembina Pipeline,https://www.pembina.com/media-centre/news/details/da7cc4f0-870b-44cb-bda1-4d42487a5d47,10/27/2025,html
Pembina Pipeline,https://www.pembina.com/media-centre/news/details/8dcae52d-79b0-4b5e-9f3f-738b2f3fdb77,10/27/2025,html
Pembina Pipeline,https://www.pembina.com/media-centre/news/details/1242b795-e802-428b-a563-dd1d2d989f60,10/27/2025,html
Pembina Pipeline,https://www.pembina.com/media-centre/news/details/151bcab9-75da-4306-9c64-aea81c52e8d0,10/27/2025,html
Pembina Pipeline,https://www.pembina.com/media-centre/news/details/3710dd1a-7741-4d9e-972b-fada63203aed,10/27/2025,html
Pembina Pipeline,https://www.pembina.com/media-centre/news/details/32ec14b1-4ae3-4561-aa31-1a49712be0a5,10/27/2025,html
Pembina Pipeline,https://www.pembina.com/media-centre/news/details/b613e1af-c932-4399-a942-4bf5c7263c1e,10/27/2025,html
Pembina Pipeline,https://www.pembina.com/media-centre/news/details/09984300-916d-408b-a1be-4afc5bad02e0,10/27/2025,html
Pembina Pipeline,https://www.pembina.com/media-centre/news/details/766151d6-1de3-4f1b-a1ee-e86d67946563,10/27/2025,html
Pembina Pipeline,https://www.pembina.com/media-centre/news/details/a4f96af7-054e-4a1b-80fd-0233b61f9491,10/27/2025,html
Pembina Pipeline,https://www.pembina.com/media-centre/news/details/55f1c506-8a13-4486-8022-19d50786a52a,10/27/2025,html
Pembina Pipeline,https://www.pembina.com/media-centre/news/details/6463b9d1-4717-470c-bb19-ae6a53cc46d6,10/27/2025,html
Pembina Pipeline,https://www.pembina.com/media-centre/news/details/f82a1252-b543-4e8b-93a2-6d69f36b097e,10/27/2025,html
Pembina Pipeline,https://www.pembina.com/media-centre/news/details/572f7be0-d5e9-4e83-b2dd-d3067c3ca8bb,10/27/2025,html
Pembina Pipeline,https://www.pembina.com/media-centre/news/details/ed3cfb97-88ec-41d3-bd25-7ffd9a4aa625,10/27/2025,html
Pembina Pipeline,https://www.pembina.com/media-centre/news/details/b459c1a4-acf3-4a48-bcd3-0795e94df978,10/27/2025,html
Pembina Pipeline,https://www.pembina.com/media-centre/news/details/8c8c3574-b2a7-4c70-8dec-9e65b5986c99,10/27/2025,html
Pembina Pipeline,https://www.pembina.com/media-centre/news/details/01cd4536-ec94-4f67-890e-70267997ef89,10/27/2025,html
Pembina Pipeline,https://www.pembina.com/media-centre/news/details/be05e9d5-38a4-4377-b39f-a14eb0c1c731,10/27/2025,html
Pembina Pipeline,https://www.pembina.com/media-centre/news/details/01a33107-258e-4eda-b45e-ca942a3d976b,10/27/2025,html
Pembina Pipeline,https://www.pembina.com/media-centre/news/details/2c9cdd36-a82b-47d5-9fdd-a85cd87208c3,10/27/2025,html
Pembina Pipeline,https://www.pembina.com/media-centre/news/details/00b83e75-6acd-4ceb-b4b9-400435a7f5fe,10/27/2025,html
Pembina Pipeline,https://www.pembina.com/media-centre/news/details/eb263714-0020-4e55-a69d-15d09e3d09a4,10/27/2025,html
Pembina Pipeline,https://www.pembina.com/media-centre/news/details/6f038147-f622-4495-9996-2e405c187ee7,10/27/2025,html
Pembina Pipeline,https://www.pembina.com/media-centre/news/details/2d3b65eb-12b0-4062-908a-aa75a422a62d,10/27/2025,html
Pembina Pipeline,https://www.pembina.com/media-centre/news/details/1dfa0aec-2be3-4b34-822e-dad15eafeddb,10/27/2025,html
Pembina Pipeline,https://www.pembina.com/media-centre/news/details/98fa4a58-d9b0-49f9-9b4d-17a2a9f5c2a5,10/27/2025,html
Pembina Pipeline,https://www.pembina.com/media-centre/news/details/b0884649-ae24-4c7e-b619-065aab9edf51,10/27/2025,html
Pembina Pipeline,https://www.pembina.com/media-centre/news/details/da756ba2-c842-43d5-ae3a-6f01b58f191b,10/27/2025,html
Pembina Pipeline,https://www.pembina.com/media-centre/news/details/f8123067-9fc1-4013-9d5c-e21f9ad35fd9,10/27/2025,html
Pembina Pipeline,https://www.pembina.com/media-centre/news/details/1ef316a9-bdaa-44cc-93f0-06f6e4583a5a,10/27/2025,html
Pembina Pipeline,https://www.pembina.com/media-centre/news/details/47ee6182-0acb-45a0-be5b-4de448e05fd7,10/27/2025,html
Pembina Pipeline,https://www.pembina.com/media-centre/news/details/754217e0-5543-4a9f-8a9f-e1ccc6533f2b,10/27/2025,html
Pembina Pipeline,https://www.pembina.com/media-centre/news/details/a1e9b044-b9f5-4f54-89ff-e128b77be63f,10/27/2025,html
Pembina Pipeline,https://www.pembina.com/media-centre/news/details/b5bb01d5-c77b-4e3d-a608-cce50ae24c98,10/27/2025,html
Pembina Pipeline,https://www.pembina.com/media-centre/news/details/91c02c16-4d8a-4454-9322-e31de79e4877,10/27/2025,html
Pembina Pipeline,https://www.pembina.com/media-centre/news/details/3e8cab9d-ea23-44dc-82bd-a41eefb49548,10/27/2025,html
Pembina Pipeline,https://www.pembina.com/media-centre/news/details/9c0077ed-f394-49f7-b497-a58eb958a550,10/27/2025,html
Pembina Pipeline,https://www.pembina.com/media-centre/news/details/8104adc4-4b32-4c2e-acfe-741cef480a87,10/27/2025,html
Pembina Pipeline,https://www.pembina.com/media-centre/news/details/7a72147a-9fcd-4ddc-a631-b69788ea7d11,10/27/2025,html
Pembina Pipeline,https://www.pembina.com/media-centre/news/details/353bf1c3-0ff0-4781-abda-d61dddb2e5c9,10/27/2025,html
Pembina Pipeline,https://www.pembina.com/media-centre/news/details/e5f5fa6a-e515-4e37-945d-027b6dd0bc6a,10/27/2025,html
Pembina Pipeline,https://www.pembina.com/media-centre/news/details/31762018-ea4f-418a-885a-2670aee201c3,10/27/2025,html
Pembina Pipeline,https://www.pembina.com/media-centre/news/details/064d9f84-3e32-4038-8a1f-dac6d7b7b816,10/27/2025,html
Pembina Pipeline,https://www.pembina.com/media-centre/news/details/c1d26c53-2e5a-4a5a-82e2-d14c9d4f05c0,10/27/2025,html
Pembina Pipeline,https://www.pembina.com/media-centre/news/details/7d924e15-eff5-4176-8988-d5030c6bbb9f,10/27/2025,html
Pembina Pipeline,https://www.pembina.com/media-centre/news/details/c53adbaa-794e-42a9-9fa9-265705dfec67,10/27/2025,html
Pembina Pipeline,https://www.pembina.com/media-centre/news/details/2c71653f-f943-48ec-8157-9c17e3f179db,10/27/2025,html
Pembina Pipeline,https://www.pembina.com/media-centre/news/details/f0bf1a16-7e4f-40e3-bebe-baecc79a9117,10/27/2025,html
Pembina Pipeline,https://www.pembina.com/media-centre/news/details/7caffff7-7c18-4ba4-999c-d684ebf06f08,10/27/2025,html
Pembina Pipeline,https://www.pembina.com/media-centre/news/details/169b5bb8-3951-47e3-8ceb-dd196bfc83cf,10/27/2025,html
Pembina Pipeline,https://www.pembina.com/media-centre/news/details/fd150028-cc5c-4882-8ef3-197c0d60bfeb,10/27/2025,html
Pembina Pipeline,https://www.pembina.com/media-centre/news/details/f89cb2da-6824-4a73-8318-af8fde4a799c,10/27/2025,html
Pembina Pipeline,https://www.pembina.com/media-centre/news/details/69d01826-e7ff-493f-b6d8-682a7046f1b6,10/27/2025,html
Pembina Pipeline,https://www.pembina.com/media-centre/news/details/594f5ca5-4b51-49f2-97cb-675b4a7668e1,10/27/2025,html
Pembina Pipeline,https://www.pembina.com/media-centre/news/details/346b3cac-5508-477f-b39e-b86b6369e868,10/27/2025,html
Pembina Pipeline,https://www.pembina.com/media-centre/news/details/1f6ce687-bae9-4aa2-a566-c56010457780,10/27/2025,html
Pembina Pipeline,https://www.pembina.com/media-centre/news/details/9a94bfed-f167-4c66-b11e-f553a73ad88e,10/27/2025,html
Pembina Pipeline,https://www.pembina.com/media-centre/news/details/65d2f7be-a797-49ab-a0a3-bdcbf46cf38a,10/27/2025,html
Pembina Pipeline,https://www.pembina.com/media-centre/news/details/361556b1-1e0b-4128-8912-734c957caee6,10/27/2025,html
Pembina Pipeline,https://www.pembina.com/media-centre/news/details/124b7f75-f6e9-48e1-9b9e-bd880b1c3bc4,10/27/2025,html
Pembina Pipeline,https://www.pembina.com/media-centre/news/details/87981cd6-b786-4a87-b62b-a6794238f970,10/27/2025,html
Pembina Pipeline,https://www.pembina.com/media-centre/news/details/5fb88686-b635-4848-9253-bcf652a5bec7,10/27/2025,html
Pembina Pipeline,https://www.pembina.com/media-centre/news/details/786de73e-dd9d-4718-bf95-65962e367738,10/27/2025,html
Pembina Pipeline,https://www.pembina.com/media-centre/news/details/54141db2-ec5d-48ba-bc96-ce84c2fe37cd,10/27/2025,html
Pembina Pipeline,https://www.pembina.com/media-centre/news/details/888e9fc3-7137-460b-894a-f4ad96e31a40,10/27/2025,html
Pembina Pipeline,https://www.pembina.com/media-centre/news/details/c3d4f793-e66c-49fa-bcb4-5bcfc6fe8952,10/27/2025,html
Pembina Pipeline,https://www.pembina.com/media-centre/news/details/6f2b54ba-3ce3-4d93-83b1-e2256f1103de,10/27/2025,html
Pembina Pipeline,https://www.pembina.com/media-centre/news/details/3ec0bb2b-6f4a-4e9c-aeef-d2cebe865b36,10/27/2025,html
Pembina Pipeline,https://www.pembina.com/media-centre/news/details/15f996dc-99e7-4b93-9a28-e34c1674197b,10/27/2025,html
Pembina Pipeline,https://www.pembina.com/media-centre/news/details/d72081c3-751e-4116-96f5-a4709a6e88c7,10/27/2025,html
Pembina Pipeline,https://www.pembina.com/media-centre/news/details/1d2b2145-7dc9-4662-bb2f-db0c1dbca4ef,10/27/2025,html
Pembina Pipeline,https://www.pembina.com/media-centre/news/details/bd6aa3af-09a6-4f9e-9b6b-69806e1fd9e0,10/27/2025,html
Pembina Pipeline,https://www.pembina.com/media-centre/news/details/f694ff1d-cbf5-4aa4-b55d-ce1aa140de86,10/27/2025,html
Pembina Pipeline,https://www.pembina.com/media-centre/news/details/6da9f65b-da04-490b-bc48-65b17c3117dc,10/27/2025,html
Pembina Pipeline,https://www.pembina.com/media-centre/news/details/b4bfb2fc-fffb-4a70-94e8-502a51c83ff6,10/27/2025,html
Pembina Pipeline,https://www.pembina.com/media-centre/news/details/bcab3971-3a49-4c64-9ba7-e4a2dace2153,10/27/2025,html
Pembina Pipeline,https://www.pembina.com/media-centre/news/details/20713a1c-611f-4608-b6b7-8b46d634c291,10/27/2025,html
Pembina Pipeline,https://www.pembina.com/media-centre/news/details/48223166-81f6-4563-a5a3-e327146dd7a8,10/27/2025,html
Pembina Pipeline,https://www.pembina.com/media-centre/news/details/7e10f28b-e463-448e-bff8-58500b0f4b0e,10/27/2025,html
Pembina Pipeline,https://www.pembina.com/media-centre/news/details/4b95bee9-fd2d-4dd4-816b-186468bd4d25,10/27/2025,html
Pembina Pipeline,https://www.pembina.com/media-centre/news/details/4a46755b-19d5-4ccd-b856-479d49386b15,10/27/2025,html
Pembina Pipeline,https://www.pembina.com/media-centre/news/details/96cfbd52-7bbe-443a-a1ea-eb0199556ba8,10/27/2025,html
Pembina Pipeline,https://www.pembina.com/media-centre/news/details/e4be2dd2-b0bf-4719-9a5a-c5a60d3943f8,10/27/2025,html
Pembina Pipeline,https://www.pembina.com/media-centre/news/details/00457dee-804b-4f99-ab2f-05ea47a5152f,10/27/2025,html
Pembina Pipeline,https://www.pembina.com/media-centre/news/details/ca71d08f-e31d-48d6-8578-782dffb58eac,10/27/2025,html
Pembina Pipeline,https://www.pembina.com/media-centre/news/details/26e3477b-f34f-4c9f-877d-8cbe4ad170af,10/27/2025,html
Pembina Pipeline,https://www.pembina.com/media-centre/news/details/cb506928-19b7-4e4b-94e2-e0a30fc35c4b,10/27/2025,html
Pembina Pipeline,https://www.pembina.com/media-centre/news/details/af206ee0-f688-463f-9707-48a744a6fdf1,10/27/2025,html
Pembina Pipeline,https://www.pembina.com/media-centre/news/details/9506d8d0-8aee-4cd3-90bf-a4d0e0ba2d46,10/27/2025,html
Pembina Pipeline,https://www.pembina.com/media-centre/news/details/d372ac4a-627c-42b0-ac14-e8b2e776bd5e,10/27/2025,html
Pembina Pipeline,https://www.pembina.com/media-centre/news/details/6a0a4187-e8b5-47b1-810b-e73007ce432f,10/27/2025,html
Pembina Pipeline,https://www.pembina.com/media-centre/news/details/9ca4ec9d-f1f8-4478-9fb9-101c1f07eaaf,10/27/2025,html
Pembina Pipeline,https://www.pembina.com/media-centre/news/details/c01bca03-8f31-4eb6-817d-0955e2222f7f,10/27/2025,html
Pembina Pipeline,https://www.pembina.com/media-centre/news/details/57df7091-5da3-4c84-bdca-8dd52ca22c89,10/27/2025,html
Pembina Pipeline,https://www.pembina.com/media-centre/news/details/c650dd33-5568-4c48-a44f-9975539757f7,10/27/2025,html
Pembina Pipeline,https://www.pembina.com/media-centre/news/details/1debee3b-c01a-4b60-ae67-2d8ec44fee06,10/27/2025,html
Pembina Pipeline,https://www.pembina.com/media-centre/news/details/43cda5b8-ea08-4e53-9bda-1dcfa87501b7,10/27/2025,html
Pembina Pipeline,https://www.pembina.com/media-centre/news/details/544bde3b-6bb3-4bbd-8176-fa4fb630147a,10/27/2025,html
Pembina Pipeline,https://www.pembina.com/media-centre/news/details/6956a06e-34cd-42aa-afa7-40b6752a365d,10/27/2025,html
Pembina Pipeline,https://www.pembina.com/media-centre/news/details/a280c537-5f2e-4d14-a653-4cbc5bb0a885,10/27/2025,html
Pembina Pipeline,https://www.pembina.com/media-centre/news/details/d2d26283-c368-4f7e-96da-8672beb3affd,10/27/2025,html
Pembina Pipeline,https://www.pembina.com/media-centre/news/details/52b910c1-6fa6-4005-b3c2-58a1956dd8cd,10/27/2025,html
Pembina Pipeline,https://www.pembina.com/media-centre/news/details/8326f339-341a-49cb-89fb-d2732192c9d7,10/27/2025,html
Pembina Pipeline,https://www.pembina.com/media-centre/news/details/41538ff0-24ac-4b23-959b-f5142bd64f4c,10/27/2025,html
Pembina Pipeline,https://www.pembina.com/media-centre/news/details/218e9151-fd22-400a-b61e-1e83fa45805a,10/27/2025,html
Pembina Pipeline,https://www.pembina.com/media-centre/news/details/c23badf6-e264-4288-a177-fc1aa20c470d,10/27/2025,html
Pembina Pipeline,https://www.pembina.com/media-centre/news/details/8c90eea1-5c02-4b21-be9c-1c1db0025dd0,10/27/2025,html
Pembina Pipeline,https://www.pembina.com/media-centre/news/details/b10695e0-7954-439d-bdde-9eaa9959c9dd,10/27/2025,html
Pembina Pipeline,https://www.pembina.com/media-centre/news/details/a7c7b03d-ee49-43f7-9635-72cb51580043,10/27/2025,html
Pembina Pipeline,https://www.pembina.com/media-centre/news/details/6357c8a0-a41e-4124-9628-4b7faaf97ecb,10/27/2025,html
Pembina Pipeline,https://www.pembina.com/media-centre/news/details/d99a93fd-d5da-4875-9821-d3f37b3dc1a2,10/27/2025,html
Pembina Pipeline,https://www.pembina.com/media-centre/news/details/e9f3cbe3-560d-44c0-a81a-53a70fcba0b2,10/27/2025,html
Pembina Pipeline,https://www.pembina.com/media-centre/news/details/2418d3f9-ace6-495a-8573-a03f08eea80c,10/27/2025,html
Pembina Pipeline,https://www.pembina.com/media-centre/news/details/41be5692-5a04-4b8d-9300-dae8e885422a,10/27/2025,html
Pembina Pipeline,https://www.pembina.com/media-centre/news/details/33debf84-3a1f-497a-9fba-438be44f3952,10/27/2025,html
Pembina Pipeline,https://www.pembina.com/media-centre/news/details/fc295f2e-94dd-464f-af9b-d52bac1fe7bc,10/27/2025,html
Pembina Pipeline,https://www.pembina.com/media-centre/news/details/4da1701f-1591-4956-b88f-e461f392e808,10/27/2025,html
Pembina Pipeline,https://www.pembina.com/media-centre/news/details/d9a68cd2-c03f-48b9-8815-11a12dd66ef0,10/27/2025,html
Pembina Pipeline,https://www.pembina.com/media-centre/news/details/33fe5ef9-1cd7-4b54-9c74-56c7b8fa268b,10/27/2025,html
Pembina Pipeline,https://www.pembina.com/media-centre/news/details/2367f808-20f9-4cdb-b200-4958aa78b267,10/27/2025,html
Pembina Pipeline,https://www.pembina.com/media-centre/news/details/04b0d3df-2250-4e49-9575-551bc7cd3b02,10/27/2025,html
Pembina Pipeline,https://www.pembina.com/media-centre/news/details/51179365-91bd-4169-9a4a-7ecead5f0d88,10/27/2025,html
Pembina Pipeline,https://www.pembina.com/media-centre/news/details/b2ba241c-3287-4179-9dac-7e925621f35b,10/27/2025,html
Pembina Pipeline,https://www.pembina.com/media-centre/news/details/b1a1d572-37c7-4cb7-95b0-fdb9e1867bd2,10/27/2025,html
Pembina Pipeline,https://www.pembina.com/media-centre/news/details/0684153a-9d56-4f5a-943c-88a4bf182e27,10/27/2025,html
Pembina Pipeline,https://www.pembina.com/media-centre/news/details/e67150ab-300e-4ab6-82bf-7de9ed0955b9,10/27/2025,html
Pembina Pipeline,https://www.pembina.com/media-centre/news/details/2de9b678-0d65-425c-8ef9-d1cb134c14c0,10/27/2025,html
Pembina Pipeline,https://www.pembina.com/media-centre/news/details/03639b47-c5dc-4662-9ff5-b0e0f2b18366,10/27/2025,html
Pembina Pipeline,https://www.pembina.com/media-centre/news/details/311eefc5-d138-4013-bc2e-d1c4d305f857,10/27/2025,html
Pembina Pipeline,https://www.pembina.com/media-centre/news/details/b5658227-fae2-4f23-a8bf-3fd267417caf,10/27/2025,html
Pembina Pipeline,https://www.pembina.com/media-centre/news/details/bf21e6bf-981b-40c8-86a2-c535e95e53fe,10/27/2025,html
Pembina Pipeline,https://www.pembina.com/media-centre/news/details/598c4a43-801e-4a08-a206-0bfc910f09ad,10/27/2025,html
Pembina Pipeline,https://www.pembina.com/media-centre/news/details/baaf8d6f-82cb-4b51-b447-8faa23245bcf,10/27/2025,html
Pembina Pipeline,https://www.pembina.com/media-centre/news/details/0064b55f-ee31-41ae-b8fe-9d34c421bde0,10/27/2025,html
Pembina Pipeline,https://www.pembina.com/media-centre/news/details/f95387cc-3cdd-44c2-86fd-76b0eefbe7a7,10/27/2025,html
Pembina Pipeline,https://www.pembina.com/media-centre/news/details/d33705c1-707f-4742-9370-c976e0bc6ac0,10/27/2025,html
Pembina Pipeline,https://www.pembina.com/media-centre/news/details/6408e541-f1da-468b-926b-c625616e5de5,10/27/2025,html
Pembina Pipeline,https://www.pembina.com/media-centre/news/details/aa51cafb-4019-45b5-a844-ca81ed355cd9,10/27/2025,html
Pembina Pipeline,https://www.pembina.com/media-centre/news/details/7f99973b-9c85-4785-8687-b965926a147a,10/27/2025,html
Pembina Pipeline,https://www.pembina.com/media-centre/news/details/29d1a319-f4dc-4bcf-9544-fcf0978f7b7d,10/27/2025,html
Pembina Pipeline,https://www.pembina.com/media-centre/news/details/62f8910e-79ed-4e6f-8425-4db7e0498487,10/27/2025,html
Pembina Pipeline,https://www.pembina.com/media-centre/news/details/dfec1452-af06-4665-970a-d78f6fe2c154,10/27/2025,html
Pembina Pipeline,https://www.pembina.com/media-centre/news/details/60a97c1d-4e25-48b0-be91-cf80ec73166d,10/27/2025,html
Pembina Pipeline,https://www.pembina.com/media-centre/news/details/6d6164a8-8c3a-480e-9b42-dcd50e972a04,10/27/2025,html
Pembina Pipeline,https://www.pembina.com/media-centre/news/details/4842329f-03f7-4fe6-9c80-1b9ee51a11cb,10/27/2025,html
Pembina Pipeline,https://www.pembina.com/media-centre/news/details/ce3a3ac1-d0c4-4f0a-86d8-20502c579e2c,10/27/2025,html
Pembina Pipeline,https://www.pembina.com/media-centre/news/details/28dc5677-ea4a-49e2-adb1-0471b79260d3,10/27/2025,html
Pembina Pipeline,https://www.pembina.com/media-centre/news/details/79430822-8042-4194-8089-12df9dadb92f,10/27/2025,html
Pembina Pipeline,https://www.pembina.com/media-centre/news/details/56697dd2-76bd-4260-86d7-4581fd87b13b,10/27/2025,html
Pembina Pipeline,https://www.pembina.com/media-centre/news/details/3b1287c0-2f85-4b2a-a289-361e881b48d8,10/27/2025,html
Pembina Pipeline,https://www.pembina.com/media-centre/news/details/31887053-19af-4889-9253-25cdea785332,10/27/2025,html
Pembina Pipeline,https://www.pembina.com/media-centre/news/details/79919c66-4ee9-47de-88c8-76bf20034180,10/27/2025,html
Pembina Pipeline,https://www.pembina.com/media-centre/news/details/ef60b009-55e5-4d33-96f8-7328f9519fdc,10/27/2025,html
Pembina Pipeline,https://www.pembina.com/media-centre/news/details/f50f7d01-b958-4628-8015-c1c3f339817d,10/27/2025,html
Pembina Pipeline,https://www.pembina.com/media-centre/news/details/04e91322-ba59-4183-836a-572c80b62303,10/27/2025,html
Pembina Pipeline,https://www.pembina.com/media-centre/news/details/e0a87976-6837-4f53-8328-d8e556c64266,10/27/2025,html
Pembina Pipeline,https://www.pembina.com/media-centre/news/details/24135144-8d61-4581-bc72-a84e2db55aab,10/27/2025,html
Pembina Pipeline,https://www.pembina.com/media-centre/news/details/05f6ec6b-37c6-4aed-852d-5f083e8438de,10/27/2025,html
Pembina Pipeline,https://www.pembina.com/media-centre/news/details/322f90aa-d5cf-4ef2-b030-8936e7484632,10/27/2025,html
Pembina Pipeline,https://www.pembina.com/media-centre/news/details/e152692e-7887-4707-9058-24a942905bbc,10/27/2025,html
Pembina Pipeline,https://www.pembina.com/media-centre/news/details/884125fa-2351-4710-be93-993ff57577b8,10/27/2025,html
Pembina Pipeline,https://www.pembina.com/media-centre/news/details/edbd246f-1732-4de1-8076-92bc2c216c23,10/27/2025,html
Pembina Pipeline,https://www.pembina.com/media-centre/news/details/486f5ff3-c044-4f4e-9000-94da22ae3beb,10/27/2025,html
Pembina Pipeline,https://www.pembina.com/media-centre/news/details/75e2ce7e-6744-4ec4-a048-2c41be88736e,10/27/2025,html
Pembina Pipeline,https://www.pembina.com/media-centre/news/details/da8d2a49-637f-4214-ab6f-ba8681827827,10/27/2025,html
Pembina Pipeline,https://www.pembina.com/media-centre/news/details/4155dfc2-46e5-4d0e-acf3-5458a2645d01,10/27/2025,html
Pembina Pipeline,https://www.pembina.com/media-centre/news/details/9d7026d2-5c87-4dd9-8156-cbb581837a06,10/27/2025,html
Pembina Pipeline,https://www.pembina.com/media-centre/news/details/37caa580-5447-49ce-b1c9-02422ee39b4e,10/27/2025,html
Pembina Pipeline,https://www.pembina.com/media-centre/news/details/4d283801-7b3b-4f87-9ec8-91b067381692,10/27/2025,html
Pembina Pipeline,https://www.pembina.com/media-centre/news/details/919b0f10-9baa-40d7-9eea-c55f19831e47,10/27/2025,html
Pembina Pipeline,https://www.pembina.com/media-centre/news/details/980cb8d4-df9b-4a72-9a75-38d3e8fb082b,10/27/2025,html
Pembina Pipeline,https://www.pembina.com/media-centre/news/details/91d81e34-6d29-4160-851e-3e5a91746d4e,10/27/2025,html
Pembina Pipeline,https://www.pembina.com/media-centre/news/details/958030f8-5f2a-4fe8-ba4c-970a024ad6f7,10/27/2025,html
Pembina Pipeline,https://www.pembina.com/media-centre/news/details/9a6d7ae0-7a9c-4049-9ed9-70bf5f02bd22,10/27/2025,html
Pembina Pipeline,https://www.pembina.com/media-centre/news/details/47d1b488-558b-4e43-a10d-3f8b90bbf8f9,10/27/2025,html
Pembina Pipeline,https://www.pembina.com/media-centre/news/details/776c5f27-9e18-474a-b28c-66ed6feb4502,10/27/2025,html
Pembina Pipeline,https://www.pembina.com/media-centre/news/details/63a3cae6-790f-4b5f-951d-5c3c7fe1e024,10/27/2025,html
Pembina Pipeline,https://www.pembina.com/media-centre/news/details/5577f0fb-b48d-4684-b3d7-5b08d0d7c6d6,10/27/2025,html
Pembina Pipeline,https://www.pembina.com/media-centre/news/details/95f72b01-c100-4578-8306-aad964965bf1,10/27/2025,html
Pembina Pipeline,https://www.pembina.com/media-centre/news/details/cedf7348-3565-43cb-9ac4-73a3f294156a,10/27/2025,html
Pembina Pipeline,https://www.pembina.com/media-centre/news/details/7fc04b8a-b66e-491b-ad57-573348c00d24,10/27/2025,html
Pembina Pipeline,https://www.pembina.com/media-centre/news/details/8de8f5c1-f954-4fa0-9e4f-9dcdc0ad97f8,10/27/2025,html
Pembina Pipeline,https://www.pembina.com/media-centre/news/details/bd4f74ad-0bf8-4e2a-a0ba-2df4ec67c207,10/27/2025,html
Pembina Pipeline,https://www.pembina.com/media-centre/news/details/c02d9b52-f34d-425f-a6ee-c2aeb21c05f2,10/27/2025,html
Pembina Pipeline,https://www.pembina.com/media-centre/news/details/d948bedf-b100-40d9-abfd-b90a2f9d8127,10/27/2025,html
Pembina Pipeline,https://www.pembina.com/media-centre/news/details/2b3c26b2-d670-43b6-83b1-1bfd0cdec1c8,10/27/2025,html
Pembina Pipeline,https://www.pembina.com/media-centre/news/details/644e6add-37da-4b12-8687-30c549ff00d7,10/27/2025,html
Pembina Pipeline,https://www.pembina.com/media-centre/news/details/149729ef-217b-4493-a1ea-54f8eca18e8f,10/27/2025,html
Pembina Pipeline,https://www.pembina.com/media-centre/news/details/dc63c1f4-8834-4635-b38b-95aba3ab3d87,10/27/2025,html
Pembina Pipeline,https://www.pembina.com/media-centre/news/details/0960a496-1c98-4668-ad66-c6ada353401f,10/27/2025,html
Pembina Pipeline,https://www.pembina.com/media-centre/news/details/0cd838f4-4d7b-45b8-92a4-e4c3c8edfebd,10/27/2025,html
Pembina Pipeline,https://www.pembina.com/media-centre/news/details/4de3490a-e951-451b-aba9-ee3935614347,10/27/2025,html
Pembina Pipeline,https://www.pembina.com/media-centre/news/details/53882754-614a-4ab1-a069-3bf198cd3c3c,10/27/2025,html
Pembina Pipeline,https://www.pembina.com/media-centre/news/details/ef912d54-f292-4848-8c4d-795de92ce0a0,10/27/2025,html
Pembina Pipeline,https://www.pembina.com/media-centre/news/details/cea6702f-f565-444d-88c6-feb8d6f6c719,10/27/2025,html
Pembina Pipeline,https://www.pembina.com/media-centre/news/details/1027733a-8392-4590-a2a1-e7b7cec5d1c4,10/27/2025,html
Pembina Pipeline,https://www.pembina.com/media-centre/news/details/b42fb1bf-7dcb-4f50-8693-0c2d69677479,10/27/2025,html
Pembina Pipeline,https://www.pembina.com/media-centre/news/details/2185b699-f14c-421b-8a8e-596ba0a810d0,10/27/2025,html
Pembina Pipeline,https://www.pembina.com/media-centre/news/details/35b70353-ec14-494c-adb9-12b1dacb3023,10/27/2025,html
Pembina Pipeline,https://www.pembina.com/media-centre/news/details/4ba1aaa3-c528-4493-88bd-18edebee0091,10/27/2025,html
Pembina Pipeline,https://www.pembina.com/media-centre/news/details/3648bd7a-3d88-4f86-9c4a-ea06d73adb99,10/27/2025,html
Pembina Pipeline,https://www.pembina.com/media-centre/news/details/94ec84f2-d07e-4367-8ed2-c73c6682c7ba,10/27/2025,html
Pembina Pipeline,https://www.pembina.com/media-centre/news/details/101bf36d-9250-4f5a-9b92-87a7cfcc4de8,10/27/2025,html
Pembina Pipeline,https://www.pembina.com/media-centre/news/details/52685c47-8612-442b-b767-b6cee32fbbfe,10/27/2025,html
Pembina Pipeline,https://www.pembina.com/media-centre/news/details/fa0a7237-e3f7-4997-83e7-d2f812aab211,10/27/2025,html
Pembina Pipeline,https://www.pembina.com/media-centre/news/details/afa516b1-2c25-4ed3-a572-05a410846d21,10/27/2025,html
Pembina Pipeline,https://www.pembina.com/media-centre/news/details/29996b11-a3af-46f2-a223-179910b2602b,10/27/2025,html
Pembina Pipeline,https://www.pembina.com/media-centre/news/details/acedbb0e-3fba-4d32-90d4-68791e96e6d3,10/27/2025,html
Pembina Pipeline,https://www.pembina.com/media-centre/news/details/44474ee2-d88c-4368-8387-fa457e8be6c9,10/27/2025,html
Pembina Pipeline,https://www.pembina.com/media-centre/news/details/f85c6e1a-b242-4cb1-9671-c65cbe6b5d1b,10/27/2025,html
Pembina Pipeline,https://www.pembina.com/media-centre/news/details/c457278f-56ed-4db8-acfe-f556f69e9420,10/27/2025,html
Pembina Pipeline,https://www.pembina.com/media-centre/news/details/29bbba9d-35e6-4ff6-98a5-3ec93a929174,10/27/2025,html
Pembina Pipeline,https://www.pembina.com/media-centre/news/details/e25ec3fe-c030-4efb-878c-eb4fdfaa7f43,10/27/2025,html
Pembina Pipeline,https://www.pembina.com/media-centre/news/details/ce8f28d3-2ace-4346-9454-6a648d46f826,10/27/2025,html
Pembina Pipeline,https://www.pembina.com/media-centre/news/details/491aad06-0284-4e29-a876-afb70513cc15,10/27/2025,html
Pembina Pipeline,https://www.pembina.com/media-centre/news/details/c76e9886-efc4-433d-9424-83d096c2b593,10/27/2025,html
Pembina Pipeline,https://www.pembina.com/media-centre/news/details/4c9b530f-fa37-41e8-8c75-20421df0176e,10/27/2025,html
Pembina Pipeline,https://www.pembina.com/media-centre/news/details/5c920f12-06a3-45f9-9a30-308a52907c9a,10/27/2025,html
Pembina Pipeline,https://www.pembina.com/media-centre/news/details/c714f489-5f74-44f2-9491-8a0e0c3fdb98,10/27/2025,html
Pembina Pipeline,https://www.pembina.com/media-centre/news/details/eb4fa6e8-8c9c-42a6-8de5-5b7453039166,10/27/2025,html
Pembina Pipeline,https://www.pembina.com/media-centre/news/details/133d386d-45e9-414a-b975-87bf7525a451,10/27/2025,html
Pembina Pipeline,https://www.pembina.com/media-centre/news/details/d531dba7-5f86-48e1-b879-63433a87d077,10/27/2025,html
Pembina Pipeline,https://www.pembina.com/media-centre/news/details/4a89a70c-4bc7-428d-8021-d6a6c398d383,10/27/2025,html
Pembina Pipeline,https://www.pembina.com/media-centre/news/details/dfd2341e-0ee8-4d1d-a2b5-4a61975fdb9d,10/27/2025,html
Pembina Pipeline,https://www.pembina.com/media-centre/news/details/89aa1aae-c3b2-45e2-9cb5-5012552a9337,10/27/2025,html
Pembina Pipeline,https://www.pembina.com/media-centre/news/details/6edeef16-df44-4dac-9169-75204953217f,10/27/2025,html
Pembina Pipeline,https://www.pembina.com/media-centre/news/details/b2344976-3a3a-4a38-9106-6c909cb2341f,10/27/2025,html
Pembina Pipeline,https://www.pembina.com/media-centre/news/details/eeb7cf07-8367-4268-9aa7-31ff60540f31,10/27/2025,html
Pembina Pipeline,https://www.pembina.com/media-centre/news/details/843f3230-c214-495d-86d3-cafe69d5d2b3,10/27/2025,html
Pembina Pipeline,https://www.pembina.com/media-centre/news/details/9b80bdf4-3c8f-4cff-bb82-2b2c056e0d87,10/27/2025,html
Pembina Pipeline,https://www.pembina.com/media-centre/news/details/a76074b1-f004-410a-940b-a9093a7b5007,10/27/2025,html
Pembina Pipeline,https://www.pembina.com/media-centre/news/details/7c41b9b4-5e5d-4844-b233-2e2a72905016,10/27/2025,html
Pembina Pipeline,https://www.pembina.com/media-centre/news/details/7db29ec6-a1eb-4a78-971a-224162411e07,10/27/2025,html
Pembina Pipeline,https://www.pembina.com/media-centre/news/details/2f5da8cd-caa1-4fbd-88e9-d4011a1c419d,10/27/2025,html
Pembina Pipeline,https://www.pembina.com/media-centre/news/details/5221aa06-10e5-4cdf-99d2-27cdd9b05771,10/27/2025,html
Pembina Pipeline,https://www.pembina.com/media-centre/news/details/264399de-8981-412d-bf86-e277dd509558,10/27/2025,html
Pembina Pipeline,https://www.pembina.com/media-centre/news/details/0a500b87-d99b-4e14-a211-3a1467a5d483,10/27/2025,html
Pembina Pipeline,https://www.pembina.com/media-centre/news/details/c0fe76c4-53f6-44ca-9e42-dd93ad4b7af2,10/27/2025,html
Pembina Pipeline,https://www.pembina.com/media-centre/news/details/e956fbe1-a1c7-47c9-b774-fbaab83da6ac,10/27/2025,html
Pembina Pipeline,https://www.pembina.com/media-centre/news/details/d42eabb2-7d75-4b22-82d7-0e35989e54aa,10/27/2025,html
Pembina Pipeline,https://www.pembina.com/media-centre/news/details/a132c3e5-c397-4ba5-988d-f4f5575dc873,10/27/2025,html
Pembina Pipeline,https://www.pembina.com/media-centre/news/details/113b5fc9-291a-4ade-81f6-b737562c5d5a,10/27/2025,html
Pembina Pipeline,https://www.pembina.com/media-centre/news/details/9661a8c7-d8f6-492b-99b9-7a8ea092c781,10/27/2025,html
Pembina Pipeline,https://www.pembina.com/media-centre/news/details/b2f88d53-231e-4093-b166-49369017c881,10/27/2025,html
Pembina Pipeline,https://www.pembina.com/media-centre/news/details/d084db7c-30d8-4462-b743-b4d20788805d,10/27/2025,html
Pembina Pipeline,https://www.pembina.com/media-centre/news/details/c2b8a757-fde0-4135-8cf0-356a03bcb672,10/27/2025,html
Pembina Pipeline,https://www.pembina.com/media-centre/news/details/ea619537-c81e-422d-9722-67ec373d1259,10/27/2025,html
Pembina Pipeline,https://www.pembina.com/media-centre/news/details/942ea5ff-468e-4099-87d6-d7dc3cee46ea,10/27/2025,html
Pembina Pipeline,https://www.pembina.com/media-centre/news/details/2255ba89-7ed1-466b-b3d9-a9839d52f855,10/27/2025,html
Pembina Pipeline,https://www.pembina.com/media-centre/news/details/3bac2baf-8a1c-44c5-b1f3-bf83d2633d56,10/27/2025,html
Pembina Pipeline,https://www.pembina.com/media-centre/news/details/b98d1813-a566-4563-89a0-9753109dc359,10/27/2025,html
Pembina Pipeline,https://www.pembina.com/media-centre/news/details/dffb5025-2789-46ac-9573-429e60f278f0,10/27/2025,html
Pembina Pipeline,https://www.pembina.com/media-centre/news/details/d4c23268-6f5f-4030-a2e1-77e5200d9b4c,10/27/2025,html
Pembina Pipeline,https://www.pembina.com/media-centre/news/details/c803d0d0-bc42-4ffe-906f-cc863aeef9c2,10/27/2025,html
Pembina Pipeline,https://www.pembina.com/media-centre/news/details/09fab2de-b5bb-4fc4-b12e-0234bdda48f8,10/27/2025,html
Pembina Pipeline,https://www.pembina.com/media-centre/news/details/afeb9935-14e3-4405-a772-8be6268c125b,10/27/2025,html
Pembina Pipeline,https://www.pembina.com/media-centre/news/details/cdf9bee5-ebfd-40e2-bbc3-342f5da643cc,10/27/2025,html
Pembina Pipeline,https://www.pembina.com/media-centre/news/details/f4fb1d2c-df73-4a6f-a017-9e1ed23bda10,10/27/2025,html
Pembina Pipeline,https://www.pembina.com/media-centre/news/details/bb5817a2-bcad-4e8a-9136-19f0aa7017cd,10/27/2025,html
Pembina Pipeline,https://www.pembina.com/media-centre/news/details/979b1fc5-f17f-4144-b4aa-6696e71ae702,10/27/2025,html
Pembina Pipeline,https://www.pembina.com/media-centre/news/details/6ed8acfa-3bb1-4f40-85d3-b2abaa20e198,10/27/2025,html
Pembina Pipeline,https://www.pembina.com/media-centre/news/details/ebb9b001-ceb1-4727-b63e-98284b340b37,10/27/2025,html
Pembina Pipeline,https://www.pembina.com/media-centre/news/details/421d69ba-6489-4434-9963-21144d2725ec,10/27/2025,html
Pembina Pipeline,https://www.pembina.com/media-centre/news/details/d1870311-877c-4237-a09d-e34ac09e902c,10/27/2025,html
Pembina Pipeline,https://www.pembina.com/media-centre/news/details/c22895f8-9f2f-4fb4-b737-24a8bd02d8de,10/27/2025,html
Pembina Pipeline,https://www.pembina.com/media-centre/news/details/cb399b12-b6fd-4026-a3c6-872bbc505768,10/27/2025,html
Pembina Pipeline,https://www.pembina.com/media-centre/news/details/4334dcc5-e915-4125-91dc-e2904e987228,10/27/2025,html
Pembina Pipeline,https://www.pembina.com/media-centre/news/details/5ef91744-23e7-4693-bf9b-476b51518f18,10/27/2025,html
Pembina Pipeline,https://www.pembina.com/media-centre/news/details/bb781ff9-aede-4811-b318-021a4513a8f3,10/27/2025,html
Pembina Pipeline,https://www.pembina.com/media-centre/news/details/b771de2d-a1d0-462a-a1ae-a61eb26c99ca,10/27/2025,html
Pembina Pipeline,https://www.pembina.com/media-centre/news/details/1feb37de-ea78-42ab-b45c-8bbdd1bfa0a3,10/27/2025,html
Pembina Pipeline,https://www.pembina.com/media-centre/news/details/1c3a594b-6871-47b9-b5bf-37ed2f5c8200,10/27/2025,html
Pembina Pipeline,https://www.pembina.com/media-centre/news/details/49eea6f7-21ad-4cea-bafa-b4dd4aa67700,10/27/2025,html
Pembina Pipeline,https://www.pembina.com/media-centre/news/details/a94dd7dc-5660-4bcc-acda-1d13d0056948,10/27/2025,html
Pembina Pipeline,https://www.pembina.com/media-centre/news/details/e8a90807-35b0-42e7-88fb-6d1809fd97d9,10/27/2025,html
Pembina Pipeline,https://www.pembina.com/media-centre/news/details/8a0d0f5a-3d84-437a-a4aa-426998955d21,10/27/2025,html
Pembina Pipeline,https://www.pembina.com/media-centre/news/details/02047e58-5e43-4872-aa39-948dab8e814d,10/27/2025,html
Pembina Pipeline,https://www.pembina.com/media-centre/news/details/d0b232bb-255d-482c-af32-a5f361b015a7,10/27/2025,html
Pembina Pipeline,https://www.pembina.com/media-centre/news/details/60cea0f5-9966-48ad-a864-debc1debe7f3,10/27/2025,html
Pembina Pipeline,https://www.pembina.com/media-centre/news/details/869ba1a9-1c27-4c7c-a5f4-b4cd3a1f4c13,10/27/2025,html
Pembina Pipeline,https://www.pembina.com/media-centre/news/details/7411c7f7-5d8f-4a52-b0d8-69a4f9a8f195,10/27/2025,html
Pembina Pipeline,https://www.pembina.com/media-centre/news/details/62cf22e4-464b-44cb-acbb-3959e1e8a148,10/27/2025,html
Pembina Pipeline,https://www.pembina.com/media-centre/news/details/d5e19a03-f533-410c-8c36-b867ccc6bddf,10/27/2025,html
Pembina Pipeline,https://www.pembina.com/media-centre/news/details/7fe114ff-c1ed-45cb-a122-032bd7530df6,10/27/2025,html
Pembina Pipeline,https://www.pembina.com/media-centre/news/details/94c35ec7-2e59-42f7-adf1-d641d520acb3,10/27/2025,html
Pembina Pipeline,https://www.pembina.com/media-centre/news/details/addbbaaa-ca94-4712-9d35-296c6e2ac14c,10/27/2025,html
Pembina Pipeline,https://www.pembina.com/media-centre/news/details/9856a745-ec83-4f80-9236-83e4513e04e1,10/27/2025,html
Pembina Pipeline,https://www.pembina.com/media-centre/news/details/d1409844-bacf-41ac-9934-2739c2e1e2af,10/27/2025,html
Pembina Pipeline,https://www.pembina.com/media-centre/news/details/616a685b-3900-4336-b0de-44e8e6e709cd,10/27/2025,html
Pembina Pipeline,https://www.pembina.com/media-centre/news/details/144c1e27-bdb4-4f34-bbc1-30c0995e1867,10/27/2025,html
Pembina Pipeline,https://www.pembina.com/media-centre/news/details/a4e07873-f41b-44da-b54d-c01507cccd4e,10/27/2025,html
Pembina Pipeline,https://www.pembina.com/media-centre/news/details/c66b4446-7e40-4cba-9abc-e87c8e0b62ab,10/27/2025,html
Pembina Pipeline,https://www.pembina.com/media-centre/news/details/dcbf7853-545a-4c3f-9fde-07c8b29abbef,10/27/2025,html
Pembina Pipeline,https://www.pembina.com/media-centre/news/details/2f6cce27-053e-4d84-9c0f-46526fa52fc7,10/27/2025,html
Pembina Pipeline,https://www.pembina.com/media-centre/news/details/cc96224e-256a-42ab-804c-78022deff5c6,10/27/2025,html
Pembina Pipeline,https://www.pembina.com/media-centre/news/details/45f90b99-8cba-4d46-9b54-113003031ff4,10/27/2025,html
Pembina Pipeline,https://www.pembina.com/media-centre/news/details/86dfc970-9922-4a07-87de-02862828f776,10/27/2025,html
Pembina Pipeline,https://www.pembina.com/media-centre/news/details/49bb6150-041d-410c-9996-c2c1f1e2d9df,10/27/2025,html
Pembina Pipeline,https://www.pembina.com/media-centre/news/details/bd139d2c-82f7-46ac-b8de-f934f59b473d,10/27/2025,html
Pembina Pipeline,https://www.pembina.com/media-centre/news/details/513ad7fd-fccb-42ca-a509-d9e2df459b6f,10/27/2025,html
Pembina Pipeline,https://www.pembina.com/media-centre/news/details/9f94b0da-387a-4825-a200-5996b1ebd0ce,10/27/2025,html
Pembina Pipeline,https://www.pembina.com/media-centre/news/details/d9fdb979-fe31-41bf-8a99-3310cb1af6f1,10/27/2025,html
Pembina Pipeline,https://www.pembina.com/media-centre/news/details/7c5a7eec-e5fd-4113-96b2-2b4e30869ed8,10/27/2025,html
Pembina Pipeline,https://www.pembina.com/media-centre/news/details/6aa17eed-0537-403c-a613-94cca2c7b2cb,10/27/2025,html
Pembina Pipeline,https://www.pembina.com/media-centre/news/details/d842df0a-3898-4f1a-973d-0f2ffa3a6339,10/27/2025,html
Pembina Pipeline,https://www.pembina.com/media-centre/news/details/b28919fa-c739-49cc-98ce-fe3a00451638,10/27/2025,html
Pembina Pipeline,https://www.pembina.com/media-centre/news/details/fb55abb5-17f4-4277-bfcd-4a750eedb8cb,10/27/2025,html
Pembina Pipeline,https://www.pembina.com/media-centre/news/details/d437ee30-5abb-4847-aa96-dfb6bc85cdbc,10/27/2025,html
Pembina Pipeline,https://www.pembina.com/media-centre/news/details/f5e49172-57a6-470d-af52-74d3ea41b134,10/27/2025,html
Pembina Pipeline,https://www.pembina.com/media-centre/news/details/f2dd1e43-34ef-48be-bf3f-a36c5acf73f9,10/27/2025,html
Pembina Pipeline,https://www.pembina.com/media-centre/news/details/4ee3f666-c5a5-4e7a-979b-4cc1d5202b5e,10/27/2025,html
Pembina Pipeline,https://www.pembina.com/media-centre/news/details/8ce8dda6-3013-4425-bbcf-cb1b7ee210cc,10/27/2025,html
Pembina Pipeline,https://www.pembina.com/media-centre/news/details/9147ee99-cd5a-46c4-8968-690d6fbfa8e0,10/27/2025,html
Pembina Pipeline,https://www.pembina.com/media-centre/news/details/f9688400-5844-47c6-abf6-c2a1cd3bc23d,10/27/2025,html
Pembina Pipeline,https://www.pembina.com/media-centre/news/details/18a55420-ac9d-476e-8b30-ca38e9b5a3b6,10/27/2025,html
Pembina Pipeline,https://www.pembina.com/media-centre/news/details/d2183014-93bd-4440-9303-8455b2d13574,10/27/2025,html
Pembina Pipeline,https://www.pembina.com/media-centre/news/details/192c54b5-b804-4200-ad88-a99a3a1c4256,10/27/2025,html
Pembina Pipeline,https://www.pembina.com/media-centre/news/details/2836a2de-a9c7-4483-adba-b0a05a46d476,10/27/2025,html
Pembina Pipeline,https://www.pembina.com/media-centre/news/details/6d4cb656-ea15-44d1-8ca2-6a74901db0ac,10/27/2025,html
Pembina Pipeline,https://www.pembina.com/media-centre/news/details/7e65f674-7b47-4386-95d5-2c37fa2fbe83,10/27/2025,html
Pembina Pipeline,https://www.pembina.com/media-centre/news/details/9c904587-820d-422a-b448-281f8b453c11,10/27/2025,html
Pembina Pipeline,https://www.pembina.com/media-centre/news/details/4125615f-1d2b-4131-8d92-04e58a9cf84d,10/27/2025,html
Pembina Pipeline,https://www.pembina.com/media-centre/news/details/22af8cc3-4c91-40a2-b7f1-b13331cfd523,10/27/2025,html
Pembina Pipeline,https://www.pembina.com/media-centre/news/details/89ddcd7c-8368-4f05-8363-aed76b0b4663,10/27/2025,html
Pembina Pipeline,https://www.pembina.com/media-centre/news/details/b7638ab2-13be-4b5c-ae40-2558ab1b43a8,10/27/2025,html
Pembina Pipeline,https://www.pembina.com/media-centre/news/details/00ae9dc8-eb59-4051-92de-5451e3396353,10/27/2025,html
Pembina Pipeline,https://www.pembina.com/media-centre/news/details/8e89d01a-eaf4-408f-a303-c913068656a8,10/27/2025,html
Pembina Pipeline,https://www.pembina.com/media-centre/news/details/b1e6cd86-805b-4efb-b2e9-77035a75b04d,10/27/2025,html
Pembina Pipeline,https://www.pembina.com/media-centre/news/details/506f1549-a6cc-4620-9e2a-17aaac220dc9,10/27/2025,html
Pembina Pipeline,https://www.pembina.com/media-centre/news/details/df70c5e4-b8ec-4ecd-a94b-84cbe30d3e20,10/27/2025,html
Pembina Pipeline,https://www.pembina.com/media-centre/news/details/faddbb8b-3a75-43cc-a689-f1caf896dcfd,10/27/2025,html
Pembina Pipeline,https://www.pembina.com/media-centre/news/details/a86f7b93-e454-448d-a241-988fa271db77,10/27/2025,html
Pembina Pipeline,https://www.pembina.com/media-centre/news/details/8a6b1458-d83a-4ae5-b6b2-be24c3a3e402,10/27/2025,html
Pembina Pipeline,https://www.pembina.com/media-centre/news/details/70b8d12b-811c-4ab6-97fb-cc96a66427f4,10/27/2025,html
Pembina Pipeline,https://www.pembina.com/media-centre/news/details/1614089d-7239-4f97-ab20-fe8c372df7ce,10/27/2025,html
Pembina Pipeline,https://www.pembina.com/media-centre/news/details/45b20e6c-3a0c-4700-993f-f7a4bf125563,10/27/2025,html
Pembina Pipeline,https://www.pembina.com/media-centre/news/details/2d8105a0-0798-483c-a4f4-90e2f8f090d8,10/27/2025,html
Pembina Pipeline,https://www.pembina.com/media-centre/news/details/749fddad-17b4-4fd6-bf4b-a8706f9b41be,10/27/2025,html
Pembina Pipeline,https://www.pembina.com/media-centre/news/details/fe889e77-caeb-4bb4-9675-756a199861f2,10/27/2025,html
Pembina Pipeline,https://www.pembina.com/media-centre/news/details/dfeed113-2475-4155-b5e5-c650d70e3156,10/27/2025,html
Pembina Pipeline,https://www.pembina.com/media-centre/news/details/170bbbe6-045c-487d-934d-887e84fe0953,10/27/2025,html
Pembina Pipeline,https://www.pembina.com/media-centre/news/details/ef2bd0cc-cc34-4138-bbf5-6d5a1f263c6b,10/27/2025,html
Pembina Pipeline,https://www.pembina.com/media-centre/news/details/25f5bab1-1680-4191-9d35-658415444f2f,10/27/2025,html
Pembina Pipeline,https://www.pembina.com/media-centre/news/details/f8d75bec-775b-4b0b-ae93-aa0c4fd74790,10/27/2025,html
Pembina Pipeline,https://www.pembina.com/media-centre/news/details/048d742c-8a37-4f71-a0dd-ee8d2bca1df0,10/27/2025,html
Pembina Pipeline,https://www.pembina.com/media-centre/news/details/1e6e4096-268e-450e-9887-d1ba59f6a21d,10/27/2025,html
Pembina Pipeline,https://www.pembina.com/media-centre/news/details/90e2709c-d25a-43c8-a94e-1c32296f3e77,10/27/2025,html
Pembina Pipeline,https://www.pembina.com/media-centre/news/details/6222174c-079a-4350-96ef-edeedd160ccb,10/27/2025,html
Pembina Pipeline,https://www.pembina.com/media-centre/news/details/8b662902-b799-487e-a4dd-e006a2e9d1ef,10/27/2025,html
Pembina Pipeline,https://www.pembina.com/media-centre/news/details/5d65044c-2f9f-4a4c-a793-8dfe88541933,10/27/2025,html
Pembina Pipeline,https://www.pembina.com/media-centre/news/details/8cbce48d-bac6-4f28-8f52-504298c5b54d,10/27/2025,html
Pembina Pipeline,https://www.pembina.com/media-centre/news/details/157b6763-25d6-4a80-855c-531233f5e32d,10/27/2025,html
Pembina Pipeline,https://www.pembina.com/media-centre/news/details/ddd00650-aab9-4b15-a062-33759d851d93,10/27/2025,html
Pembina Pipeline,https://www.pembina.com/media-centre/news/details/14a1f4c6-46a2-45ca-9f51-bd5a0e974d92,10/27/2025,html
Pembina Pipeline,https://www.pembina.com/media-centre/news/details/009f1798-72f9-4167-af44-ad57009c9e37,10/27/2025,html
Pembina Pipeline,https://www.pembina.com/media-centre/news/details/2b411f2b-1ac9-4820-bf06-6f980e2534d6,10/27/2025,html
Pembina Pipeline,https://www.pembina.com/media-centre/news/details/39170c18-b013-48b5-8761-93ac5f7f811b,10/27/2025,html
Pembina Pipeline,https://www.pembina.com/media-centre/news/details/4ca264c9-33eb-4bba-b80b-3eabfa207788,10/27/2025,html
Pembina Pipeline,https://www.pembina.com/media-centre/news/details/6d4c7848-09c5-4632-8f2c-8e33e1e3fec1,10/27/2025,html
Pembina Pipeline,https://www.pembina.com/media-centre/news/details/94264df4-f129-4cae-9258-69fcdcd55500,10/27/2025,html
Pembina Pipeline,https://www.pembina.com/media-centre/news/details/c2496885-e4ba-47a2-8eeb-7c7265f19057,10/27/2025,html
Pembina Pipeline,https://www.pembina.com/media-centre/news/details/33428551-5f17-4000-9569-0e8f41c6dfdf,10/27/2025,html
Pembina Pipeline,https://www.pembina.com/media-centre/news/details/df8cb0ed-1167-4c36-b574-9c2ff8cc7980,10/27/2025,html
Pembina Pipeline,https://www.pembina.com/media-centre/news/details/1c30fb71-4957-4cd1-9835-2615bd787533,10/27/2025,html
Pembina Pipeline,https://www.pembina.com/media-centre/news/details/b331ea3e-c273-44b7-8227-b29860961435,10/27/2025,html
Pembina Pipeline,https://www.pembina.com/media-centre/news/details/4fde5740-a98b-4f19-983b-52993c0ef4ec,10/27/2025,html
Pembina Pipeline,https://www.pembina.com/media-centre/news/details/7ef147f8-2e2a-4c3b-9422-49ace1c6b94f,10/27/2025,html
Pembina Pipeline,https://www.pembina.com/media-centre/news/details/b054118f-3b5e-4c86-bb3d-f611a95087d9,10/27/2025,html
Pembina Pipeline,https://www.pembina.com/media-centre/news/details/2e7ea757-92a3-42e9-b29b-541a517ff3d5,10/27/2025,html
Pembina Pipeline,https://www.pembina.com/media-centre/news/details/fa8f1d4a-3f24-4e91-b435-4a123e88749f,10/27/2025,html
Pembina Pipeline,https://www.pembina.com/media-centre/news/details/6d004fbd-0919-4256-b53d-837c393a2349,10/27/2025,html
Pembina Pipeline,https://www.pembina.com/media-centre/news/details/927f55c9-5dd7-41fd-bdab-cf768271795b,10/27/2025,html
Pembina Pipeline,https://www.pembina.com/media-centre/news/details/fb590f17-f560-4068-89f7-c1c89e2b8bb9,10/27/2025,html
Pembina Pipeline,https://www.pembina.com/media-centre/news/details/75e7fc1a-95d3-4284-abad-7910f4114485,10/27/2025,html
Pembina Pipeline,https://www.pembina.com/media-centre/news/details/67b34278-e88b-49ff-9d5c-3f4ec396ca89,10/27/2025,html
Pembina Pipeline,https://www.pembina.com/media-centre/news/details/0a07d988-d2dd-42e9-a8ed-5a9a33b6d415,10/27/2025,html
Pembina Pipeline,https://www.pembina.com/media-centre/news/details/607451a9-be85-4c38-8a93-7a4ea96a3837,10/27/2025,html
Pembina Pipeline,https://www.pembina.com/media-centre/news/details/e25398da-12fd-4de7-83d6-9640e6c3f654,10/27/2025,html
Pembina Pipeline,https://www.pembina.com/media-centre/news/details/27aa04ac-3252-4250-b1f8-6459af7ebd5a,10/27/2025,html
Pembina Pipeline,https://www.pembina.com/media-centre/news/details/712e5474-8632-4648-b078-738fb42a1784,10/27/2025,html
Pembina Pipeline,https://www.pembina.com/media-centre/news/details/1179cc85-3224-4a6c-8a7e-57b0324f9e3e,10/27/2025,html
Pembina Pipeline,https://www.pembina.com/media-centre/news/details/5de3f7c0-426e-47ee-8252-bef4fe252429,10/27/2025,html
Pembina Pipeline,https://www.pembina.com/media-centre/news/details/08aa7406-4311-4ffd-a27f-fd776beb19e8,10/27/2025,html
Pembina Pipeline,https://www.pembina.com/media-centre/news/details/fed8c4e1-cd65-436a-872b-87e9c4be26f9,10/27/2025,html
Pembina Pipeline,https://www.pembina.com/media-centre/news/details/c30de799-fca5-4e2c-aa1c-1bf3a4126113,10/27/2025,html
Pembina Pipeline,https://www.pembina.com/media-centre/news/details/3153e3bd-ea2d-4558-987d-4aba8d4e8ff7,10/27/2025,html
Pembina Pipeline,https://www.pembina.com/media-centre/news/details/dbb773ae-26bd-4f6e-808d-f8716a632c25,10/27/2025,html
Pembina Pipeline,https://www.pembina.com/media-centre/news/details/45280c09-e9d8-4a89-8633-f40a5a91d089,10/27/2025,html
Pembina Pipeline,https://www.pembina.com/media-centre/news/details/a6830d88-020c-4d5f-8356-7528d9634f2f,10/27/2025,html
Pembina Pipeline,https://www.pembina.com/media-centre/news/details/441b9592-2bda-44d4-924e-4041adae2941,10/27/2025,html
Pembina Pipeline,https://www.pembina.com/media-centre/news/details/8b981c67-e9ac-43a3-8ab9-377646ea911a,10/27/2025,html
Pembina Pipeline,https://www.pembina.com/media-centre/news/details/60f15f98-15e8-4a1a-a296-c9cde01ddd38,10/27/2025,html
Pembina Pipeline,https://www.pembina.com/media-centre/news/details/5e497191-c68a-43eb-b3ea-ec77ceb7f246,10/27/2025,html
Pembina Pipeline,https://www.pembina.com/media-centre/news/details/1f185a00-f959-4486-988c-a4a32ff7f74c,10/27/2025,html
Pembina Pipeline,https://www.pembina.com/media-centre/news/details/3c2f1698-d492-45dc-acd5-1dea1df3f04f,10/27/2025,html
Pembina Pipeline,https://www.pembina.com/media-centre/news/details/26bd7ddf-eb27-4a34-8f36-a934933fc947,10/27/2025,html
Pembina Pipeline,https://www.pembina.com/media-centre/news/details/e71e3e95-32c2-4217-a9e4-94ac7732e8e0,10/27/2025,html
Pembina Pipeline,https://www.pembina.com/media-centre/news/details/6daca212-7424-42c1-9427-846c1105f526,10/27/2025,html
Pembina Pipeline,https://www.pembina.com/media-centre/news/details/b4ba6713-b4c5-4a2c-9aca-cd8da860211a,10/27/2025,html
Pembina Pipeline,https://www.pembina.com/media-centre/news/details/8ae918be-9524-4cb9-b7eb-e59fe26a6e44,10/27/2025,html
Pembina Pipeline,https://www.pembina.com/media-centre/news/details/a4637262-cedd-47ea-8c6e-994317869031,10/27/2025,html
Pembina Pipeline,https://www.pembina.com/media-centre/news/details/e1237280-3bec-470d-ae98-2e7121329a2e,10/27/2025,html
Pembina Pipeline,https://www.pembina.com/media-centre/news/details/7363d7c9-afd6-45fd-a5e1-035dd99785ab,10/27/2025,html
Pembina Pipeline,https://www.pembina.com/media-centre/news/details/c8f37bc6-7e6a-480b-8afd-c78c10c51abf,10/27/2025,html
Pembina Pipeline,https://www.pembina.com/media-centre/news/details/979d0c98-ba24-4161-aaf2-0ce42c076178,10/27/2025,html
Pembina Pipeline,https://www.pembina.com/media-centre/news/details/52c7f539-4ce2-4f80-b819-a91868803b72,10/27/2025,html
Pembina Pipeline,https://www.pembina.com/media-centre/news/details/32e61d58-3b57-4fee-bf5d-bcc246b8e736,10/27/2025,html
Pembina Pipeline,https://www.pembina.com/media-centre/news/details/52daf691-d445-41ea-8bb8-f46216d1bcce,10/27/2025,html
Pembina Pipeline,https://www.pembina.com/media-centre/news/details/dc0ae637-1ecb-4035-916f-7f58738f014e,10/27/2025,html
Pembina Pipeline,https://www.pembina.com/media-centre/news/details/bf536d19-a8ce-460d-9391-5fad16928753,10/27/2025,html
Pembina Pipeline,https://www.pembina.com/media-centre/news/details/a178b44c-c8d5-418e-8155-9f2dd5b80a37,10/27/2025,html
Pembina Pipeline,https://www.pembina.com/media-centre/news/details/03936940-3364-4b4d-8c4f-7e0f0aa8bdb0,10/27/2025,html
Pembina Pipeline,https://www.pembina.com/media-centre/news/details/db10ecd9-a182-4e2f-8566-63ac67d03d93,10/27/2025,html
Pembina Pipeline,https://www.pembina.com/media-centre/news/details/93d754c7-f563-44e1-8648-ec49b228c724,10/27/2025,html
Pembina Pipeline,https://www.pembina.com/media-centre/news/details/f1d91820-2686-4920-b838-8d94f833a065,10/27/2025,html
Pembina Pipeline,https://www.pembina.com/media-centre/news/details/25f9ad96-6b22-49a9-834f-9d679a00e201,10/27/2025,html
Pembina Pipeline,https://www.pembina.com/media-centre/news/details/3eb710f4-4ef9-45c9-aed7-affce9628f14,10/27/2025,html
Pembina Pipeline,https://www.pembina.com/media-centre/news/details/8949618a-7eeb-4cca-b097-e8a059de4ae4,10/27/2025,html
Pembina Pipeline,https://www.pembina.com/media-centre/news/details/280ff72a-7e49-49aa-929b-8cfa13301f1d,10/27/2025,html
Pembina Pipeline,https://www.pembina.com/media-centre/news/details/0dd644d9-e4b3-4b16-8a61-5077fcc1c31a,10/27/2025,html
Pembina Pipeline,https://www.pembina.com/media-centre/news/details/29701297-d703-417a-acd7-170e0052e4ca,10/27/2025,html
Pembina Pipeline,https://www.pembina.com/media-centre/news/details/de5847d7-cc7d-401c-87eb-1495b7cb49c3,10/27/2025,html
Pembina Pipeline,https://www.pembina.com/media-centre/news/details/1b662157-274a-4054-90e9-99bd7708c4af,10/27/2025,html
Pembina Pipeline,https://www.pembina.com/media-centre/news/details/f4229c66-46ab-4dba-8c8a-a0ac724c7198,10/27/2025,html
Pembina Pipeline,https://www.pembina.com/media-centre/news/details/6013c21e-4389-49d8-8f53-023e19e8f84a,10/27/2025,html
Pembina Pipeline,https://www.pembina.com/media-centre/news/details/0dee1f7d-faf7-4761-8305-d50e67a6f811,10/27/2025,html
Pembina Pipeline,https://www.pembina.com/media-centre/news/details/e8d01db0-3cb2-4b00-af69-e0c5f5d554d5,10/27/2025,html
Pembina Pipeline,https://www.pembina.com/media-centre/news/details/bc118e14-5ac8-4693-8820-b0ef25b156d0,10/27/2025,html
Pembina Pipeline,https://www.pembina.com/media-centre/news/details/e4aa308a-df91-4142-95d8-c530b68cac11,10/27/2025,html
Pembina Pipeline,https://www.pembina.com/media-centre/news/details/28546eb3-d9cc-413e-8e37-c57439876d0a,10/27/2025,html
Pembina Pipeline,https://www.pembina.com/media-centre/news/details/bebcf1f2-6252-4a90-a93b-f46a266b307a,10/27/2025,html
Pembina Pipeline,https://www.pembina.com/media-centre/news/details/20fcf1fe-259f-479c-9dac-ea759dcc0eae,10/27/2025,html
Pembina Pipeline,https://www.pembina.com/media-centre/news/details/474505ae-4f5c-4c88-bd0d-be412a24aec4,10/27/2025,html
Pembina Pipeline,https://www.pembina.com/media-centre/news/details/dfb41a30-05fe-4a4b-8854-f36127e32448,10/27/2025,html
Pembina Pipeline,https://www.pembina.com/media-centre/news/details/22976793-6ff8-46c4-a49f-4ef4bb004466,10/27/2025,html
Pembina Pipeline,https://www.pembina.com/media-centre/news/details/9ccf9e91-ce04-4c27-81ab-a02deab1033d,10/27/2025,html
Pembina Pipeline,https://www.pembina.com/media-centre/news/details/60b1f369-38c7-4f66-abc7-a468440f3538,10/27/2025,html
Pembina Pipeline,https://www.pembina.com/media-centre/news/details/8ac1eb70-65bf-4e9e-8753-6b99f9c05cb2,10/27/2025,html
Pembina Pipeline,https://www.pembina.com/media-centre/news/details/53263698-04b8-4d46-8b17-4c26828804ac,10/27/2025,html
Pembina Pipeline,https://www.pembina.com/media-centre/news/details/f62414b4-e9ce-494c-955d-48cd9faad23f,10/27/2025,html
Pembina Pipeline,https://www.pembina.com/media-centre/news/details/5dc4ab11-f4b5-40e6-9175-18ad1518f154,10/27/2025,html
Pembina Pipeline,https://www.pembina.com/media-centre/news/details/f0c8163f-8e88-43f6-9bc2-850f318f24a9,10/27/2025,html
Pembina Pipeline,https://www.pembina.com/media-centre/news/details/f4b63e3f-43ac-46cf-9c16-02431a884f68,10/27/2025,html
Pembina Pipeline,https://www.pembina.com/media-centre/news/details/1ddc8e26-656a-496b-b941-fac1487a6f8a,10/27/2025,html
Pembina Pipeline,https://www.pembina.com/media-centre/news/details/af2415eb-3e55-48a0-b4b3-2ccfa050682c,10/27/2025,html
Pembina Pipeline,https://www.pembina.com/media-centre/news/details/faef119e-98d6-4ebc-b567-602c5080551e,10/27/2025,html
Pembina Pipeline,https://www.pembina.com/media-centre/news/details/a8245d55-ae8a-4489-a9a0-25bc4a4d519b,10/27/2025,html
Pembina Pipeline,https://www.pembina.com/media-centre/news/details/39c8ef3f-343e-43f1-94ff-cbcfe79511e5,10/27/2025,html
Pembina Pipeline,https://www.pembina.com/media-centre/news/details/f5dc15c4-b45e-4796-b6df-0e6cc254ce92,10/27/2025,html
Imperial Oil,https://news.imperialoil.ca/news-releases/news-releases/2025/Imperial-to-hold-2025-Third-Quarter-Earnings-Call/default.aspx,10/27/2025,html
Imperial Oil,https://news.imperialoil.ca/news-releases/news-releases/2025/Imperial-announces-restructuring-to-further-advance-its-well-established-strategy-of-increasing-cash-flow-and-delivering-industry-leading-shareholder-returns/default.aspx,10/27/2025,html
Imperial Oil,https://news.imperialoil.ca/news-releases/news-releases/2025/LImpriale-annonce-une-restructuration-pour-promouvoir-sa-stratgie-bien-tablie-visant--accrotre-les-flux-de-trsorerie-et--offrir-aux-actionnaires-des-rendements-ingals-dans-lindustrie/default.aspx,10/27/2025,html
Imperial Oil,https://news.imperialoil.ca/news-releases/news-releases/2025/LImpriale-annonce-la-nomination-de-Tanya-Bryja-comme-membre-de-son-conseil-dadministration/default.aspx,10/27/2025,html
Imperial Oil,https://news.imperialoil.ca/news-releases/news-releases/2025/Imperial-announces-appointment-of-Tanya-Bryja-to-its-board-of-directors/default.aspx,10/27/2025,html
Imperial Oil,https://news.imperialoil.ca/news-releases/news-releases/2025/SAIT-opens-doors-to-Imperial-Energy-Innovation-Centre/default.aspx,10/27/2025,html
Imperial Oil,https://news.imperialoil.ca/news-releases/news-releases/2025/LImpriale-dclare-son-dividende-pour-le-troisime-trimestre-de-2025/default.aspx,10/27/2025,html
Imperial Oil,https://news.imperialoil.ca/news-releases/news-releases/2025/Imperial-declares-third-quarter-2025-dividend/default.aspx,10/27/2025,html
Imperial Oil,https://news.imperialoil.ca/news-releases/news-releases/2025/Imperial-announces-second-quarter-2025-financial-and-operating-results/default.aspx,10/27/2025,html
Imperial Oil,https://news.imperialoil.ca/news-releases/news-releases/2025/LImpriale-annonce-ses-rsultats-financiers-et-dexploitation-pour-le-deuxime-trimestre-2025/default.aspx,10/27/2025,html
Imperial Oil,https://news.imperialoil.ca/news-releases/news-releases/2025/Imperial-to-hold-2025-Second-Quarter-Earnings-Call/default.aspx,10/27/2025,html
Imperial Oil,https://news.imperialoil.ca/news-releases/news-releases/2025/Imperial-renews-annual-normal-course-issuer-bid/default.aspx,10/27/2025,html
Imperial Oil,https://news.imperialoil.ca/news-releases/news-releases/2025/LImpriale-renouvelle-loffre-publique-de-rachat-dans-le-cours-normal-des-activits/default.aspx,10/27/2025,html
Imperial Oil,https://news.imperialoil.ca/news-releases/news-releases/2025/Imperial-reports-voting-results-for-election-of-directors/default.aspx,10/27/2025,html
Imperial Oil,https://news.imperialoil.ca/news-releases/news-releases/2025/LImpriale-annonce-les-rsultats-de-llection-des-administrateurs/default.aspx,10/27/2025,html
Imperial Oil,https://news.imperialoil.ca/news-releases/news-releases/2025/SAIT-powers-up-energy-research-With-historic-lab-donation-by-Imperial-SAIT-enhances-role-in-sustainable-energy-innovation/default.aspx,10/27/2025,html
Imperial Oil,https://news.imperialoil.ca/news-releases/news-releases/2025/LImpriale-dclare-son-dividende-pour-le-deuxime-trimestre-de-2025/default.aspx,10/27/2025,html
Imperial Oil,https://news.imperialoil.ca/news-releases/news-releases/2025/Imperial-declares-second-quarter-2025-dividend/default.aspx,10/27/2025,html
Imperial Oil,https://news.imperialoil.ca/news-releases/news-releases/2025/Imperial-announces-first-quarter-2025-financial-and-operating-results/default.aspx,10/27/2025,html
Imperial Oil,https://news.imperialoil.ca/news-releases/news-releases/2025/LImpriale-annonce-ses-rsultats-financiers-et-dexploitation-pour-le-premier-trimestre-2025/default.aspx,10/27/2025,html
Imperial Oil,https://news.imperialoil.ca/news-releases/news-releases/2025/Imperial-to-hold-2025-First-Quarter-Earnings-Call/default.aspx,10/27/2025,html
Imperial Oil,https://news.imperialoil.ca/news-releases/news-releases/2025/Imperial-to-hold-2025-Investor-Day-on-April-17/default.aspx,10/27/2025,html
Imperial Oil,https://news.imperialoil.ca/news-releases/news-releases/2025/Imperial-appoints-new-president-CEO-Brad-Corson-announces-retirement/default.aspx,10/27/2025,html
Imperial Oil,https://news.imperialoil.ca/news-releases/news-releases/2025/LImpriale-nomme-un-nouveau-prsident-Brad-Corson-prsident-et-chef-de-la-direction-annonce-son-dpart--la-retraite/default.aspx,10/27/2025,html
Imperial Oil,https://news.imperialoil.ca/news-releases/news-releases/2025/Imperial-declares-first-quarter-2025-dividend/default.aspx,10/27/2025,html
Imperial Oil,https://news.imperialoil.ca/news-releases/news-releases/2025/LImpriale-annonce-ses-rsultats-financiers-et-dexploitation-pour-le-quatrime-trimestre-2024/default.aspx,10/27/2025,html
Imperial Oil,https://news.imperialoil.ca/news-releases/news-releases/2025/LImpriale-dclare-son-dividende-pour-le-premier-trimestre-de-2025/default.aspx,10/27/2025,html
Imperial Oil,https://news.imperialoil.ca/news-releases/news-releases/2025/Imperial-announces-fourth-quarter-2024-financial-and-operating-results/default.aspx,10/27/2025,html
Imperial Oil,https://news.imperialoil.ca/news-releases/news-releases/2025/Imperial-to-hold-2024-Fourth-Quarter-Earnings-Call/default.aspx,10/27/2025,html
Imperial Oil,https://news.imperialoil.ca/news-releases/news-releases/2025/La-vice-prsidente-principale-durabilit-dveloppement-commercial-et-solutions-de-produits-de-LImpriale-assumera-de-nouvelles-fonctions-au-sein-dExxon-Mobil-Corporation/default.aspx,10/27/2025,html
Imperial Oil,https://news.imperialoil.ca/news-releases/news-releases/2025/Imperial-Senior-Vice-President-Sustainability-Commercial-Development-and-Product-Solutions-to-assume-new-role-at-Exxon-Mobil-Corporation/default.aspx,10/27/2025,html
Imperial Oil,https://news.imperialoil.ca/news-releases/news-releases/2024/Imperial-provides-2025-corporate-guidance-outlook/default.aspx,10/27/2025,html
Imperial Oil,https://news.imperialoil.ca/news-releases/news-releases/2024/Imperial-to-hold-2025-corporate-guidance-outlook/default.aspx,10/27/2025,html
Imperial Oil,https://news.imperialoil.ca/news-releases/news-releases/2024/LImpriale-annonce-ses-rsultats-financiers-et-dexploitation-pour-le-troisime-trimestre-2024/default.aspx,10/27/2025,html
Imperial Oil,https://news.imperialoil.ca/news-releases/news-releases/2024/LImpriale-dclare-son-dividende-pour-le-quatrime-trimestre-de-2024/default.aspx,10/27/2025,html
Imperial Oil,https://news.imperialoil.ca/news-releases/news-releases/2024/Imperial-declares-fourth-quarter-2024-dividend/default.aspx,10/27/2025,html
Imperial Oil,https://news.imperialoil.ca/news-releases/news-releases/2024/Imperial-announces-third-quarter-2024-financial-and-operating-results/default.aspx,10/27/2025,html
Imperial Oil,https://news.imperialoil.ca/news-releases/news-releases/2024/Imperial-to-hold-2024-Third-Quarter-Earnings-Call/default.aspx,10/27/2025,html
Imperial Oil,https://news.imperialoil.ca/news-releases/news-releases/2024/LImpriale-aide--mettre-la-table-pour-les-scientifiques-et-ingnieurs-de-demain-en-contribuant--un-programme-de-tutorat--Calgary/default.aspx,10/27/2025,html
Imperial Oil,https://news.imperialoil.ca/news-releases/news-releases/2024/Imperial-helps-set-the-table-for-new-scientists-and-engineers-with-contribution-to-Calgary-tutoring-program-/default.aspx,10/27/2025,html
Imperial Oil,https://news.imperialoil.ca/news-releases/news-releases/2024/LImpriale-dclare-son-dividende-pour-le-troisime-trimestre-de-2024/default.aspx,10/27/2025,html
Imperial Oil,https://news.imperialoil.ca/news-releases/news-releases/2024/Imperial-declares-third-quarter-2024-dividend/default.aspx,10/27/2025,html
Imperial Oil,https://news.imperialoil.ca/news-releases/news-releases/2024/Imperial-announces-second-quarter-2024-financial-and-operating-results/default.aspx,10/27/2025,html
Imperial Oil,https://news.imperialoil.ca/news-releases/news-releases/2024/LImpriale-annonce-ses-rsultats-financiers-et-dexploitation-pour-le-deuxime-trimestre-2024/default.aspx,10/27/2025,html
Imperial Oil,https://news.imperialoil.ca/news-releases/news-releases/2024/Imperial-to-hold-2024-Second-Quarter-Earnings-Call/default.aspx,10/27/2025,html
Imperial Oil,https://news.imperialoil.ca/news-releases/news-releases/2024/Imperial-renews-annual-normal-course-issuer-bid/default.aspx,10/27/2025,html
Imperial Oil,https://news.imperialoil.ca/news-releases/news-releases/2024/LImpriale-renouvelle-loffre-publique-de-rachat-dans-le-cours-normal-des-activits/default.aspx,10/27/2025,html
Imperial Oil,https://news.imperialoil.ca/news-releases/news-releases/2024/Des-modifications-apportes--la-Loi-sur-la-concurrence-rduisent-au-silence-les-entreprises-canadiennes-qui-adoptent-des-mesures-contre-les-changements-climatiques-/default.aspx,10/27/2025,html
Imperial Oil,https://news.imperialoil.ca/news-releases/news-releases/2024/Competition-Act-amendments-silence-Canadian-businesses-taking-climate-action/default.aspx,10/27/2025,html
Imperial Oil,https://news.imperialoil.ca/news-releases/news-releases/2024/Supporting-horsepower-every-chance-we-get---Imperials-Esso-and-Mobil-fuel-brands-become-the-Official-Fuel-Supplier-of-The-Calgary-Stampede/default.aspx,10/27/2025,html
Imperial Oil,https://news.imperialoil.ca/news-releases/news-releases/2024/Imperial-achieves-first-oil-production-from-Grand-Rapids-project-using-lower-emission-technology/default.aspx,10/27/2025,html
Imperial Oil,https://news.imperialoil.ca/news-releases/news-releases/2024/LImpriale-produit-pour-la-premire-fois-du-ptrole-dans-le-cadre-du-projet-Grand-Rapids-en-utilisant-une-technologie--plus-faibles-missions/default.aspx,10/27/2025,html
Imperial Oil,https://news.imperialoil.ca/news-releases/news-releases/2024/Imperial-reports-voting-results-for-election-of-directors/default.aspx,10/27/2025,html
Imperial Oil,https://news.imperialoil.ca/news-releases/news-releases/2024/LImpriale-annonce-les-rsultats-de-llection-des-administrateurs/default.aspx,10/27/2025,html
Imperial Oil,https://news.imperialoil.ca/news-releases/news-releases/2024/LImpriale-annonce-la-nomination-au-poste-de-vice-prsident-principal-Secteur-amont/default.aspx,10/27/2025,html
Imperial Oil,https://news.imperialoil.ca/news-releases/news-releases/2024/Imperial-appoints-Senior-Vice-President-Upstream/default.aspx,10/27/2025,html
Imperial Oil,https://news.imperialoil.ca/news-releases/news-releases/2024/LImpriale-dclare-son-dividende-pour-le-deuxime-trimestre-de-2024/default.aspx,10/27/2025,html
Imperial Oil,https://news.imperialoil.ca/news-releases/news-releases/2024/Imperial-declares-second-quarter-2024-dividend/default.aspx,10/27/2025,html
Imperial Oil,https://news.imperialoil.ca/news-releases/news-releases/2024/LImpriale-annonce-ses-rsultats-financiers-et-dexploitation-pour-le-premier-trimestre-2024/default.aspx,10/27/2025,html
Imperial Oil,https://news.imperialoil.ca/news-releases/news-releases/2024/Imperial-announces-first-quarter-2024-financial-and-operating-results/default.aspx,10/27/2025,html
Imperial Oil,https://news.imperialoil.ca/news-releases/news-releases/2024/Imperial-to-hold-2024-First-Quarter-Earnings-Call/default.aspx,10/27/2025,html
Imperial Oil,https://news.imperialoil.ca/news-releases/news-releases/2024/Le-point-sur-le-pipeline-de-produits-de-Winnipeg/default.aspx,10/27/2025,html
Imperial Oil,https://news.imperialoil.ca/news-releases/news-releases/2024/An-update-on-the-Winnipeg-Products-Pipeline/default.aspx,10/27/2025,html
Imperial Oil,https://news.imperialoil.ca/news-releases/news-releases/2024/LImpriale-dclare-son-dividende-pour-le-premier-trimestre-de-2024/default.aspx,10/27/2025,html
Imperial Oil,https://news.imperialoil.ca/news-releases/news-releases/2024/Imperial-declares-first-quarter-2024-dividend/default.aspx,10/27/2025,html
Imperial Oil,https://news.imperialoil.ca/news-releases/news-releases/2024/Imperial-announces-fourth-quarter-2023-financial-and-operating-results/default.aspx,10/27/2025,html
Imperial Oil,https://news.imperialoil.ca/news-releases/news-releases/2024/LImpriale-annonce-ses-rsultats-financiers-et-dexploitation-pour-le-quatrime-trimestre-2023/default.aspx,10/27/2025,html
Imperial Oil,https://news.imperialoil.ca/news-releases/news-releases/2024/Imperial-to-hold-2023-Fourth-Quarter-Earnings-Call/default.aspx,10/27/2025,html
Imperial Oil,https://news.imperialoil.ca/news-releases/news-releases/2023/Imperial-provides-2024-corporate-guidance-outlook/default.aspx,10/27/2025,html
Imperial Oil,https://news.imperialoil.ca/news-releases/news-releases/2023/LImpriale-prsente-ses-prvisions-pour-2024/default.aspx,10/27/2025,html
Imperial Oil,https://news.imperialoil.ca/news-releases/news-releases/2023/Imperial-announces-completion-of-its-1.5-billion-substantial-issuer-bid/default.aspx,10/27/2025,html
Imperial Oil,https://news.imperialoil.ca/news-releases/news-releases/2023/LImpriale-annonce-la-ralisation-de-son-offre-publique-de-rachat-importante-de-15-milliard-de-dollars/default.aspx,10/27/2025,html
Imperial Oil,https://news.imperialoil.ca/news-releases/news-releases/2023/Imperial-announces-preliminary-results-of-its-substantial-issuer-bid/default.aspx,10/27/2025,html
Imperial Oil,https://news.imperialoil.ca/news-releases/news-releases/2023/LImpriale-annonce-les-rsultats-provisoires-de-son-offre-publique-de-rachat-importante/default.aspx,10/27/2025,html
Enbridge,https://www.enbridge.com/media-center/news/details?id=123864&lang=en,10/27/2025,html
Enbridge,https://www.enbridge.com/media-center/news/details?id=123863&lang=en,10/27/2025,html
Enbridge,https://www.enbridge.com/media-center/news/details?id=123862&lang=en,10/27/2025,html
Enbridge,https://www.enbridge.com/media-center/news/details?id=123861&lang=en,10/27/2025,html
Enbridge,https://www.enbridge.com/media-center/news/details?id=123860&lang=en,10/27/2025,html
Enbridge,https://www.enbridge.com/media-center/news/details?id=123859&lang=en,10/27/2025,html
Enbridge,https://www.enbridge.com/media-center/news/details?id=123858&lang=en,10/27/2025,html
Enbridge,https://www.enbridge.com/media-center/news/details?id=123857&lang=en,10/27/2025,html
Enbridge,https://www.enbridge.com/media-center/news/details?id=123856&lang=en,10/27/2025,html
Enbridge,https://www.enbridge.com/media-center/news/details?id=123855&lang=en,10/27/2025,html
Enbridge,https://www.enbridge.com/media-center/news/details?id=123854&lang=en,10/27/2025,html
Enbridge,https://www.enbridge.com/media-center/news/details?id=123853&lang=en,10/27/2025,html
Enbridge,https://www.enbridge.com/media-center/news/details?id=123852&lang=en,10/27/2025,html
Enbridge,https://www.enbridge.com/media-center/news/details?id=123851&lang=en,10/27/2025,html
Enbridge,https://www.enbridge.com/media-center/news/details?id=123850&lang=en,10/27/2025,html
Enbridge,https://www.enbridge.com/media-center/news/details?id=123849&lang=en,10/27/2025,html
Enbridge,https://www.enbridge.com/media-center/news/details?id=123848&lang=en,10/27/2025,html
Enbridge,https://www.enbridge.com/media-center/news/details?id=123847&lang=en,10/27/2025,html
Enbridge,https://www.enbridge.com/media-center/news/details?id=123846&lang=en,10/27/2025,html
Enbridge,https://www.enbridge.com/media-center/news/details?id=123845&lang=en,10/27/2025,html
Enbridge,https://www.enbridge.com/media-center/news/details?id=123844&lang=en,10/27/2025,html
Enbridge,https://www.enbridge.com/media-center/news/details?id=123843&lang=en,10/27/2025,html
Enbridge,https://www.enbridge.com/media-center/news/details?id=123842&lang=en,10/27/2025,html
Enbridge,https://www.enbridge.com/media-center/news/details?id=123841&lang=en,10/27/2025,html
Enbridge,https://www.enbridge.com/media-center/news/details?id=123840&lang=en,10/27/2025,html
Enbridge,https://www.enbridge.com/media-center/news/details?id=123839&lang=en,10/27/2025,html
Enbridge,https://www.enbridge.com/media-center/news/details?id=123838&lang=en,10/27/2025,html
Enbridge,https://www.enbridge.com/media-center/news/details?id=123837&lang=en,10/27/2025,html
Enbridge,https://www.enbridge.com/media-center/news/details?id=123836&lang=en,10/27/2025,html
Enbridge,https://www.enbridge.com/media-center/news/details?id=123835&lang=en,10/27/2025,html
Enbridge,https://www.enbridge.com/media-center/news/details?id=123834&lang=en,10/27/2025,html
Enbridge,https://www.enbridge.com/media-center/news/details?id=123833&lang=en,10/27/2025,html
Enbridge,https://www.enbridge.com/media-center/news/details?id=123832&lang=en,10/27/2025,html
Enbridge,https://www.enbridge.com/media-center/news/details?id=123831&lang=en,10/27/2025,html
Enbridge,https://www.enbridge.com/media-center/news/details?id=123830&lang=en,10/27/2025,html
Enbridge,https://www.enbridge.com/media-center/news/details?id=123829&lang=en,10/27/2025,html
Enbridge,https://www.enbridge.com/media-center/news/details?id=123828&lang=en,10/27/2025,html
Enbridge,https://www.enbridge.com/media-center/news/details?id=123827&lang=en,10/27/2025,html
Enbridge,https://www.enbridge.com/media-center/news/details?id=123826&lang=en,10/27/2025,html
Enbridge,https://www.enbridge.com/media-center/news/details?id=123825&lang=en,10/27/2025,html
Enbridge,https://www.enbridge.com/media-center/news/details?id=123824&lang=en,10/27/2025,html
Enbridge,https://www.enbridge.com/media-center/news/details?id=123822&lang=en,10/27/2025,html
Enbridge,https://www.enbridge.com/media-center/news/details?id=123821&lang=en,10/27/2025,html
Enbridge,https://www.enbridge.com/media-center/news/details?id=123820&lang=en,10/27/2025,html
Enbridge,https://www.enbridge.com/media-center/news/details?id=123819&lang=en,10/27/2025,html
Enbridge,https://www.enbridge.com/media-center/news/details?id=123818&lang=en,10/27/2025,html
Enbridge,https://www.enbridge.com/media-center/news/details?id=123817&lang=en,10/27/2025,html
Enbridge,https://www.enbridge.com/media-center/news/details?id=123816&lang=en,10/27/2025,html
Enbridge,https://www.enbridge.com/media-center/news/details?id=123815&lang=en,10/27/2025,html
Enbridge,https://www.enbridge.com/media-center/news/details?id=123814&lang=en,10/27/2025,html
Enbridge,https://www.enbridge.com/media-center/news/details?id=123813&lang=en,10/27/2025,html
Enbridge,https://www.enbridge.com/media-center/news/details?id=123812&lang=en,10/27/2025,html
Enbridge,https://www.enbridge.com/media-center/news/details?id=123811&lang=en,10/27/2025,html
Enbridge,https://www.enbridge.com/media-center/news/details?id=123810&lang=en,10/27/2025,html
Enbridge,https://www.enbridge.com/media-center/news/details?id=123809&lang=en,10/27/2025,html
Enbridge,https://www.enbridge.com/media-center/news/details?id=123808&lang=en,10/27/2025,html
Enbridge,https://www.enbridge.com/media-center/news/details?id=123807&lang=en,10/27/2025,html
Enbridge,https://www.enbridge.com/media-center/news/details?id=123806&lang=en,10/27/2025,html
Enbridge,https://www.enbridge.com/media-center/news/details?id=123805&lang=en,10/27/2025,html
Enbridge,https://www.enbridge.com/media-center/news/details?id=123804&lang=en,10/27/2025,html
Enbridge,https://www.enbridge.com/media-center/news/details?id=123803&lang=en,10/27/2025,html
Enbridge,https://www.enbridge.com/media-center/news/details?id=123802&lang=en,10/27/2025,html
Enbridge,https://www.enbridge.com/media-center/news/details?id=123801&lang=en,10/27/2025,html
Enbridge,https://www.enbridge.com/media-center/news/details?id=123800&lang=en,10/27/2025,html
Enbridge,https://www.enbridge.com/media-center/news/details?id=123799&lang=en,10/27/2025,html
Enbridge,https://www.enbridge.com/media-center/news/details?id=123798&lang=en,10/27/2025,html
Enbridge,https://www.enbridge.com/media-center/news/details?id=123797&lang=en,10/27/2025,html
Enbridge,https://www.enbridge.com/media-center/news/details?id=123796&lang=en,10/27/2025,html
Enbridge,https://www.enbridge.com/media-center/news/details?id=123795&lang=en,10/27/2025,html
Enbridge,https://www.enbridge.com/media-center/news/details?id=123794&lang=en,10/27/2025,html
Enbridge,https://www.enbridge.com/media-center/news/details?id=123793&lang=en,10/27/2025,html
Enbridge,https://www.enbridge.com/media-center/news/details?id=123792&lang=en,10/27/2025,html
Enbridge,https://www.enbridge.com/media-center/news/details?id=123791&lang=en,10/27/2025,html
Enbridge,https://www.enbridge.com/media-center/news/details?id=123790&lang=en,10/27/2025,html
Enbridge,https://www.enbridge.com/media-center/news/details?id=123789&lang=en,10/27/2025,html
Enbridge,https://www.enbridge.com/media-center/news/details?id=123788&lang=en,10/27/2025,html
Enbridge,https://www.enbridge.com/media-center/news/details?id=123787&lang=en,10/27/2025,html
Enbridge,https://www.enbridge.com/media-center/news/details?id=123786&lang=en,10/27/2025,html
Enbridge,https://www.enbridge.com/media-center/news/details?id=123785&lang=en,10/27/2025,html
Enbridge,https://www.enbridge.com/media-center/news/details?id=123784&lang=en,10/27/2025,html
Enbridge,https://www.enbridge.com/media-center/news/details?id=123783&lang=en,10/27/2025,html
Enbridge,https://www.enbridge.com/media-center/news/details?id=123782&lang=en,10/27/2025,html
Enbridge,https://www.enbridge.com/media-center/news/details?id=123781&lang=en,10/27/2025,html
Enbridge,https://www.enbridge.com/media-center/news/details?id=123780&lang=en,10/27/2025,html
Enbridge,https://www.enbridge.com/media-center/news/details?id=123779&lang=en,10/27/2025,html
Enbridge,https://www.enbridge.com/media-center/news/details?id=123778&lang=en,10/27/2025,html
Enbridge,https://www.enbridge.com/media-center/news/details?id=123777&lang=en,10/27/2025,html
Enbridge,https://www.enbridge.com/media-center/news/details?id=123776&lang=en,10/27/2025,html
Enbridge,https://www.enbridge.com/media-center/news/details?id=123775&lang=en,10/27/2025,html
Enbridge,https://www.enbridge.com/media-center/news/details?id=123774&lang=en,10/27/2025,html
Enbridge,https://www.enbridge.com/media-center/news/details?id=123773&lang=en,10/27/2025,html
Enbridge,https://www.enbridge.com/media-center/news/details?id=123772&lang=en,10/27/2025,html
Enbridge,https://www.enbridge.com/media-center/news/details?id=123771&lang=en,10/27/2025,html
Enbridge,https://www.enbridge.com/media-center/news/details?id=123770&lang=en,10/27/2025,html
Enbridge,https://www.enbridge.com/media-center/news/details?id=123769&lang=en,10/27/2025,html
Enbridge,https://www.enbridge.com/media-center/news/details?id=123768&lang=en,10/27/2025,html
Enbridge,https://www.enbridge.com/media-center/news/details?id=123767&lang=en,10/27/2025,html
Enbridge,https://www.enbridge.com/media-center/news/details?id=123766&lang=en,10/27/2025,html
Enbridge,https://www.enbridge.com/media-center/news/details?id=123765&lang=en,10/27/2025,html
Enbridge,https://www.enbridge.com/media-center/news/details?id=123764&lang=en,10/27/2025,html
Enbridge,https://www.enbridge.com/media-center/news/details?id=123763&lang=en,10/27/2025,html
Enbridge,https://www.enbridge.com/media-center/news/details?id=123762&lang=en,10/27/2025,html
Enbridge,https://www.enbridge.com/media-center/news/details?id=123761&lang=en,10/27/2025,html
Enbridge,https://www.enbridge.com/media-center/news/details?id=123760&lang=en,10/27/2025,html
Enbridge,https://www.enbridge.com/media-center/news/details?id=123759&lang=en,10/27/2025,html
Enbridge,https://www.enbridge.com/media-center/news/details?id=123758&lang=en,10/27/2025,html
Enbridge,https://www.enbridge.com/media-center/news/details?id=123757&lang=en,10/27/2025,html
Enbridge,https://www.enbridge.com/media-center/news/details?id=123756&lang=en,10/27/2025,html
Enbridge,https://www.enbridge.com/media-center/news/details?id=123755&lang=en,10/27/2025,html
Enbridge,https://www.enbridge.com/media-center/news/details?id=123754&lang=en,10/27/2025,html
Enbridge,https://www.enbridge.com/media-center/news/details?id=123753&lang=en,10/27/2025,html
Enbridge,https://www.enbridge.com/media-center/news/details?id=123752&lang=en,10/27/2025,html
Enbridge,https://www.enbridge.com/media-center/news/details?id=123751&lang=en,10/27/2025,html
Enbridge,https://www.enbridge.com/media-center/news/details?id=123750&lang=en,10/27/2025,html
Enbridge,https://www.enbridge.com/media-center/news/details?id=123749&lang=en,10/27/2025,html
Enbridge,https://www.enbridge.com/media-center/news/details?id=123748&lang=en,10/27/2025,html
Enbridge,https://www.enbridge.com/media-center/news/details?id=123747&lang=en,10/27/2025,html
Enbridge,https://www.enbridge.com/media-center/news/details?id=123746&lang=en,10/27/2025,html
Enbridge,https://www.enbridge.com/media-center/news/details?id=123745&lang=en,10/27/2025,html
Enbridge,https://www.enbridge.com/media-center/news/details?id=123744&lang=en,10/27/2025,html
Enbridge,https://www.enbridge.com/media-center/news/details?id=123743&lang=en,10/27/2025,html
Enbridge,https://www.enbridge.com/media-center/news/details?id=123742&lang=en,10/27/2025,html
Enbridge,https://www.enbridge.com/media-center/news/details?id=123741&lang=en,10/27/2025,html
Enbridge,https://www.enbridge.com/media-center/news/details?id=123740&lang=en,10/27/2025,html
Enbridge,https://www.enbridge.com/media-center/news/details?id=123739&lang=en,10/27/2025,html
Enbridge,https://www.enbridge.com/media-center/news/details?id=123738&lang=en,10/27/2025,html
Enbridge,https://www.enbridge.com/media-center/news/details?id=123737&lang=en,10/27/2025,html
Enbridge,https://www.enbridge.com/media-center/news/details?id=123736&lang=en,10/27/2025,html
Enbridge,https://www.enbridge.com/media-center/news/details?id=123735&lang=en,10/27/2025,html
Enbridge,https://www.enbridge.com/media-center/news/details?id=123734&lang=en,10/27/2025,html
Enbridge,https://www.enbridge.com/media-center/news/details?id=123733&lang=en,10/27/2025,html
Enbridge,https://www.enbridge.com/media-center/news/details?id=123732&lang=en,10/27/2025,html
Enbridge,https://www.enbridge.com/media-center/news/details?id=123731&lang=en,10/27/2025,html
Enbridge,https://www.enbridge.com/media-center/news/details?id=123730&lang=en,10/27/2025,html
Enbridge,https://www.enbridge.com/media-center/news/details?id=123729&lang=en,10/27/2025,html
Enbridge,https://www.enbridge.com/media-center/news/details?id=123728&lang=en,10/27/2025,html
Enbridge,https://www.enbridge.com/media-center/news/details?id=123727&lang=en,10/27/2025,html
Enbridge,https://www.enbridge.com/media-center/news/details?id=123726&lang=en,10/27/2025,html
Enbridge,https://www.enbridge.com/media-center/news/details?id=123725&lang=en,10/27/2025,html
Enbridge,https://www.enbridge.com/media-center/news/details?id=123724&lang=en,10/27/2025,html
Enbridge,https://www.enbridge.com/media-center/news/details?id=123723&lang=en,10/27/2025,html
Enbridge,https://www.enbridge.com/media-center/news/details?id=123722&lang=en,10/27/2025,html
Enbridge,https://www.enbridge.com/media-center/news/details?id=123721&lang=en,10/27/2025,html
Enbridge,https://www.enbridge.com/media-center/news/details?id=123720&lang=en,10/27/2025,html
Enbridge,https://www.enbridge.com/media-center/news/details?id=123719&lang=en,10/27/2025,html
Enbridge,https://www.enbridge.com/media-center/news/details?id=123718&lang=en,10/27/2025,html
Enbridge,https://www.enbridge.com/media-center/news/details?id=123717&lang=en,10/27/2025,html
Enbridge,https://www.enbridge.com/media-center/news/details?id=123716&lang=en,10/27/2025,html
Enbridge,https://www.enbridge.com/media-center/news/details?id=123715&lang=en,10/27/2025,html
Enbridge,https://www.enbridge.com/media-center/news/details?id=123714&lang=en,10/27/2025,html
Enbridge,https://www.enbridge.com/media-center/news/details?id=123713&lang=en,10/27/2025,html
Enbridge,https://www.enbridge.com/media-center/news/details?id=123712&lang=en,10/27/2025,html
Enbridge,https://www.enbridge.com/media-center/news/details?id=123711&lang=en,10/27/2025,html
Enbridge,https://www.enbridge.com/media-center/news/details?id=123710&lang=en,10/27/2025,html
Enbridge,https://www.enbridge.com/media-center/news/details?id=123709&lang=en,10/27/2025,html
Enbridge,https://www.enbridge.com/media-center/news/details?id=123708&lang=en,10/27/2025,html
Enbridge,https://www.enbridge.com/media-center/news/details?id=123707&lang=en,10/27/2025,html
Enbridge,https://www.enbridge.com/media-center/news/details?id=123706&lang=en,10/27/2025,html
Enbridge,https://www.enbridge.com/media-center/news/details?id=123705&lang=en,10/27/2025,html
Enbridge,https://www.enbridge.com/media-center/news/details?id=123704&lang=en,10/27/2025,html
Enbridge,https://www.enbridge.com/media-center/news/details?id=123703&lang=en,10/27/2025,html
Enbridge,https://www.enbridge.com/media-center/news/details?id=123702&lang=en,10/27/2025,html
Enbridge,https://www.enbridge.com/media-center/news/details?id=123701&lang=en,10/27/2025,html
Enbridge,https://www.enbridge.com/media-center/news/details?id=123700&lang=en,10/27/2025,html
Enbridge,https://www.enbridge.com/media-center/news/details?id=123699&lang=en,10/27/2025,html
Enbridge,https://www.enbridge.com/media-center/news/details?id=123698&lang=en,10/27/2025,html
Enbridge,https://www.enbridge.com/media-center/news/details?id=123697&lang=en,10/27/2025,html
Enbridge,https://www.enbridge.com/media-center/news/details?id=123696&lang=en,10/27/2025,html
Enbridge,https://www.enbridge.com/media-center/news/details?id=123695&lang=en,10/27/2025,html
Enbridge,https://www.enbridge.com/media-center/news/details?id=123694&lang=en,10/27/2025,html
Enbridge,https://www.enbridge.com/media-center/news/details?id=123693&lang=en,10/27/2025,html
Enbridge,https://www.enbridge.com/media-center/news/details?id=123692&lang=en,10/27/2025,html
Enbridge,https://www.enbridge.com/media-center/news/details?id=123691&lang=en,10/27/2025,html
Enbridge,https://www.enbridge.com/media-center/news/details?id=123690&lang=en,10/27/2025,html
Enbridge,https://www.enbridge.com/media-center/news/details?id=123689&lang=en,10/27/2025,html
Enbridge,https://www.enbridge.com/media-center/news/details?id=123688&lang=en,10/27/2025,html
Enbridge,https://www.enbridge.com/media-center/news/details?id=123687&lang=en,10/27/2025,html
Enbridge,https://www.enbridge.com/media-center/news/details?id=123686&lang=en,10/27/2025,html
Enbridge,https://www.enbridge.com/media-center/news/details?id=123685&lang=en,10/27/2025,html
Enbridge,https://www.enbridge.com/media-center/news/details?id=123684&lang=en,10/27/2025,html
Enbridge,https://www.enbridge.com/media-center/news/details?id=123683&lang=en,10/27/2025,html
Enbridge,https://www.enbridge.com/media-center/news/details?id=123682&lang=en,10/27/2025,html
Enbridge,https://www.enbridge.com/media-center/news/details?id=123681&lang=en,10/27/2025,html
Enbridge,https://www.enbridge.com/media-center/news/details?id=123680&lang=en,10/27/2025,html
Enbridge,https://www.enbridge.com/media-center/news/details?id=123679&lang=en,10/27/2025,html
Enbridge,https://www.enbridge.com/media-center/news/details?id=123678&lang=en,10/27/2025,html
Enbridge,https://www.enbridge.com/media-center/news/details?id=123677&lang=en,10/27/2025,html
Enbridge,https://www.enbridge.com/media-center/news/details?id=123676&lang=en,10/27/2025,html
Enbridge,https://www.enbridge.com/media-center/news/details?id=123675&lang=en,10/27/2025,html
Enbridge,https://www.enbridge.com/media-center/news/details?id=123674&lang=en,10/27/2025,html
Enbridge,https://www.enbridge.com/media-center/news/details?id=123673&lang=en,10/27/2025,html
Enbridge,https://www.enbridge.com/media-center/news/details?id=123672&lang=en,10/27/2025,html
Enbridge,https://www.enbridge.com/media-center/news/details?id=123671&lang=en,10/27/2025,html
Enbridge,https://www.enbridge.com/media-center/news/details?id=123670&lang=en,10/27/2025,html
Enbridge,https://www.enbridge.com/media-center/news/details?id=123669&lang=en,10/27/2025,html
Enbridge,https://www.enbridge.com/media-center/news/details?id=123668&lang=en,10/27/2025,html
Enbridge,https://www.enbridge.com/media-center/news/details?id=123667&lang=en,10/27/2025,html
Enbridge,https://www.enbridge.com/media-center/news/details?id=123666&lang=en,10/27/2025,html
Enbridge,https://www.enbridge.com/media-center/news/details?id=123665&lang=en,10/27/2025,html
Enbridge,https://www.enbridge.com/media-center/news/details?id=123664&lang=en,10/27/2025,html
Enbridge,https://www.enbridge.com/media-center/news/details?id=123663&lang=en,10/27/2025,html
Enbridge,https://www.enbridge.com/media-center/news/details?id=123662&lang=en,10/27/2025,html
Enbridge,https://www.enbridge.com/media-center/news/details?id=123661&lang=en,10/27/2025,html
Enbridge,https://www.enbridge.com/media-center/news/details?id=123660&lang=en,10/27/2025,html
Enbridge,https://www.enbridge.com/media-center/news/details?id=123659&lang=en,10/27/2025,html
Enbridge,https://www.enbridge.com/media-center/news/details?id=123658&lang=en,10/27/2025,html
